english;spanish;french;italian;german;japanese;chinese
Leather Vest;Chaleco de cuero;Veste en cuir;Pettorina di cuoio;Leder-Weste;レザーベスト;
Chainmail Vest;Chaleco de malla;Veste de mailles;Pettorina di cotta;Ketten-Weste;チェーンベスト;
Bherna Mail;Malla de Bherna;Cotte Bherna;Cotta Bherna;Bherna-Panzer;ベルダーメイル;
Hunting Mail;Malla de caza;Cotte Fauconnier;Cotta caccia;Jagdpanzer;ハントメイル;
Hunting Vest;Chaleco de caza;Tunique Fauconnier;Pettorina caccia;Jagdweste;ハントレジスト;
Mafumofu Jacket;Chaqueta Mafumofu;Gilet Mafumofu;Giacca Mafumofu;Mafumofu-Jacke;マフモフジャケット;
Yukumo Dogi;Dogi Yukumo;Dogi Yukumo;Dogi Yukumo;Yukumo-Dogi;ユクモノドウギ;
Loc Lac Shawl;Manto de Loc Lac;Foulard Loc Lac;Scialle Loc Lac;Loc-Lac-Tuch;ロックラックスーツ;
Hunter's Mail;Malla de cazador;Cotte de chasseur;Cotta cacciatore;Jäger-Panzer;ハンターメイル;
Hunter's Vest;Chaleco de cazador;Tunique de chasseur;Pettorina cacciatore;Jäger-Weste;ハンターレジスト;
Bone Mail;Malla de hueso;Cotte d'os;Cotta d'osso;Knochen-Panzer;ボーンメイル;
Bone Vest;Chaleco de hueso;Tunique d'os;Pettorina d'osso;Knochen-Weste;ボーンレジスト;
Chaos Plate;Peto del caos;Plaque du chaos;Piastra del caos;Chaos-Platte;混沌のカイ;
Chaos Brigandine;Brigantina de caos;Brigandine chaos;Brigantina del caos;Chaos-Brigantine;混沌のイー;
Jaggi Mail;Malla de Jaggi;Cotte Jaggi;Cotta Jaggi;Jaggi-Panzer;ジャギィメイル;
Jaggi Vest;Chaleco de Jaggi;Tunique Jaggi;Pettorina Jaggi;Jaggi-Weste;ジャギィレジスト;
Maccao Mail;Malla de Maccao;Cotte Maccao;Cotta Maccao;Maccao-Panzer;マッカォメイル;
Maccao Vest;Chaleco de Maccao;Tunique Maccao;Pettorina Maccao;Maccao-Weste;マッカォレジスト;
Velociprey Mail;Malla de Velociprey;Cotte Velociprey;Cotta Velociprey;Velociprey-Panzer;ランポスメイル;
Velociprey Vest;Chaleco Velociprey;Tunique Velociprey;Pettorina Velociprey;Velociprey-Weste;ランポスレジスト;
Giaprey Mail;Malla de Giaprey;Cotte Giaprey;Cotta Giaprey;Giaprey-Panzer;ギアノスメイル;
Giaprey Vest;Chaleco de Giaprey;Tunique Giaprey;Pettorina Giaprey;Giaprey-Weste;ギアノスレジスト;
Genprey Mail;Malla de Genprey;Cotte Genprey;Cotta Genprey;Genprey-Panzer;ゲネポスメイル;
Genprey Vest;Chaleco de Genprey;Tunique Genprey;Pettorina Genprey;Genprey-Weste;ゲネポスレジスト;
Vespoid Mail;Malla de Vespoid;Cotte Vespoid;Cotta Vespoid;Vespoid-Panzer;ランゴメイル;
Vespoid Vest;Chaleco de Vespoid;Tunique Vespoid;Pettorina Vespoid;Vespoid-Weste;ランゴレジスト;
Hornetaur Mail;Malla de Hornetaur;Cotte Hornet;Cotta Hornetaur;Hornetaur-Panzer;タロスメイル;
Hornetaur Vest;Chaleco de Hornetaur;Tunique Hornet;Pettorina Hornetaur;Hornetaur-Weste;タロスレジスト;
Bnahabra Suit;Traje de Bnahabra;Tenue Bnahabra;Abito Bnahabra;Bnahabra-Anzug;ブナハスーツ;
Bnahabra Vest;Chaleco de Bnahabra;Veste Bnahabra;Pettorina Bnahabra;Bnahabra-Weste;ブナハベスト;
Mosswine Vest;Chaleco Mosswine;Poitrine Mosswine;Pettorale Mosswine;Mosswine-Weste;モスブレスト;
Rhenoplos Mail;Malla de Rhenoplos;Cotte Rhenoplos;Cotta Rhenoplos;Rhenoplos-Panzer;リノプロメイル;
Rhenoplos Vest;Chaleco de Rhenoplos;Tunique Rhenoplos;Pettorina Rhenoplos;Rhenoplos-Weste;リノプロレジスト;
Bulldrome Mail;Malla de Bulldrome;Cotte Bulldrome;Cotta Bulldrome;Bulldrome-Panzer;ファンゴメイル;
Bulldrome Vest;Chaleco Bulldrome;Tunique Bulldrome;Pettorina Bulldrome;Bulldrome-Weste;ファンゴレジスト;
Arzuros Mail;Malla de Arzuros;Cotte Arzuros;Cotta Arzuros;Arzuros-Panzer;アシラメイル;
Arzuros Vest;Chaleco de Arzuros;Tunique Arzuros;Pettorina Arzuros;Arzuros-Weste;アシラレジスト;
Cephalos Mail;Malla de Cephalos;Cotte Cephalos;Cotta Cephalos;Cephalos-Panzer;ガレオスメイル;
Cephalos Vest;Chaleco de Cephalos;Tunique Cephalos;Pettorina Cephalos;Cephalos-Weste;ガレオスレジスト;
Derring Jacket;Chaqueta valerosa;Veste de bravoure;Giacca ardita;Wagemut-Jacke;ブレイブベスト;
Alloy Mail;Malla de aleación;Cotte en alliage;Cotta in lega;Legierungs-Panzer;アロイメイル;
Alloy Vest;Chaleco de aleación;Tunique en alliage;Pettorina in lega;Legierungs-Weste;アロイレジスト;
Battle Mail;Malla de combate;Cotte de combat;Cotta da battaglia;Kampf-Panzer;バトルメイル;
Battle Vest;Chaleco de combate;Tunique de combat;Pettor. da battaglia;Kampf-Weste;バトルレジスト;
Ingot Mail;Malla de lingote;Cotte en lingot;Cotta lingotto;Guss-Panzer;インゴットメイル;
Ingot Vest;Chaleco de lingote;Tunique en lingot;Pettorina lingotto;Guss-Weste;インゴットレジスト;
High Metal Mail;Malla de megametal;Cotte haut-métal;Cotta Hi-Metal;Hochmetall-Panzer;ハイメタメイル;
High Metal Vest;Chaleco de megametal;Tunique haut-métal;Pettorina Hi-Metal;Hochmetall-Weste;ハイメタレジスト;
Melahoa Jacket;Chaqueta Melahoa;Gilet Melahoa;Giacca Melahoa;Melahoa-Jacke;メルホアトロンコ;
Melahoa Stalk;Esqueje Melahoa;Tige Melahoa;Stelo Melahoa;Melahoa-Stengel;メルホアシュタム;
Makluva Cover;Poncho Makluva;Poncho Makluva;Copertura Makluva;Makluva-Hülle;マカルパペプラム;
Makluva Scale;Escama Makluva;Écaille Makluva;Squama Makluva;Makluva-Schuppe;マカルパエカイユ;
Bistro Suit;Traje de chef;Tenue de bistro;Abito Bistrò;Bistro-Gewand;ビストロスーツ;
Bistro Vest;Chaqueta de chef;Veste de bistro;Giacca Bistrò;Bistro-Jacke;ビストロベスト;
Obituary Thorax;Tórax de obituario;Thorax Nécrologie;Petto Necrologio;Todes-Thorax;オウビートペット;
Obituary Pleuron;Pleura de obituario;Pleuron Nécrologie;Pleura Necrologio;Todes-Pleuron;オウビートペクトス;
Butterfly Thorax;Tórax de mariposa;Thorax Papillon;Petto farfalla;Schmetterling-Thorax;パピメルペット;
Butterfly Pleuron;Pleura de mariposa;Pleuron Papillon;Pleura farfalla;SchmetterlingPleuron;パピメルペクトス;
Death Stench Muscle;Músculo pestilente;Muscle putride;Muscolo puzza morte;Todesgestank-Muskel;デスギアムスケル;
Death Stench Heart;Corazón pestilente;Cœur putride;Cuore puzza morte;Todesgestank-Herz;デスギアケミュート;
Acorn Mail;Malla de bellota;Cotte Châtaigne;Cotta ghianda;Eichelpanzer;どんぐりメイル;
Acorn Vest;Chaleco de bellota;Tunique Châtaigne;Pettorina ghianda;Eichelweste;どんぐりレジスト;
Mosgharl Ribplate;Armazón de Mosgharl;Corset Mosgharl;Gabbia tor. Mosgharl;MosgharlRippenplatte;マギュルトロンコ;
Mosgharl Ribguard;Coraza de Mosgharl;Pansière Mosgharl;Corazza Mosgharl;MosgharlRippenschutz;マギュルシュタム;
Edel Ribplate;Armazón de Edel;Corset Edel;Gabbia tor. Edel;Edel-Rippenplatte;エーデルトロンコ;
Edel Ribguard;Coraza de Edel;Pansière Edel;Corazza Edel;Edel-Rippenschutz;エーデルシュタム;
Skalda Thorax;Tórax de Skalda;Thorax Skalda;Torace Skalda;Skalda-Thorax;スカルダペット;
Skalda Pleuron;Pleura de Skalda;Pleuron Skalda;Pleura Skalda;Skalda-Pleuron;スカルダペクトス;
Spio Thorax;Tórax de Spio;Thorax Spio;Torace Spio;Spio-Thorax;スパイオペット;
Spio Pleuron;Pleura de Spio;Pleuron Spio;Pleura Spio;Spio-Pleuron;スパイオペクトス;
Droth Mail;Malla de Droth;Cotte Droth;Cotta Droth;Droth-Panzer;ドロスメイル;
Droth Vest;Chaleco de Droth;Tunique Droth;Pettorina Droth;Droth-Weste;ドロスレジスト;
Uroktor Torso;Torso de Uroktor;Doate Uroktor;Corazza Uroktor;Uroktor-Torso;コトルメイル;
Uroktor Vest;Chaleco de Uroktor;Tunique Uroktor;Pettorina Uroktor;Uroktor-Weste;コトルレジスト;
Moofah Suit;Traje de Moofah;Tenue Moofah;Abito Moofah;Muufah-Gewand;ムーファスーツ;
Moofah Jacket;Chaqueta de Moofah;Veste Moofah;Giacca Moofah;Muufah-Jacke;ムーファジャケット;
Velociprey Body;Cuerpo de Velociprey;Plastron Velociprey;Corpo Velociprey;Velociprey-Leib;ランポスーツボディ;
Velociprey Suit;Traje Velociprey;Tenue Velociprey;Abito Velociprey;Velociprey-Gewand;ランポスーツウェア;
Genprey Body;Cuerpo de Genprey;Plastron Genprey;Corpo Genprey;Genprey-Leib;ゲネポスーツボディ;
Genprey Suit;Traje de Genprey;Tenue Genprey;Abito Genprey;Genprey-Gewand;ゲネポスーツウェア;
Ioprey Body;Cuerpo de Ioprey;Plastron Ioprey;Corpo Ioprey;Ioprey-Leib;イーオスーツボディ;
Ioprey Wear;Ropaje de Ioprey;Vêtement Ioprey;Capo Ioprey;Ioprey-Kleidung;イーオスーツウェア;
Remobra Suit;Traje de Remobra;Plastron Remobra;Abito Remobra;Remobra-Gewand;ガブラスーツボディ;
Remobra Wear;Ropaje de Remobra;Vêtement Remobra;Capo Remobra;Remobra-Kleidung;ガブラスーツウェア;
Ioprey Mail;Malla de Ioprey;Cotte Ioprey;Cotta Ioprey;Ioprey-Panzer;イーオスメイル;
Ioprey Vest;Chaleco de Ioprey;Tunique Ioprey;Pettorina Ioprey;Ioprey-Weste;イーオスレジスト;
Kut-Ku Mail;Malla de Kut-Ku;Cotte Kut-Ku;Cotta Kut-Ku;Kut-Ku-Panzer;クックメイル;
Kut-Ku Vest;Chaleco de Kut-Ku;Tunique Kut-Ku;Pettorina Kut-Ku;Kut-Ku-Weste;クックレジスト;
Lagombi Mail;Malla de Lagombi;Cotte Lagombi;Cotta Lagombi;Lagombi-Panzer;ウルクメイル;
Lagombi Vest;Chaleco de Lagombi;Tunique Lagombi;Pettorina Lagombi;Lagombi-Weste;ウルクレジスト;
Gypceros Mail;Malla de Gypceros;Cotte Gypceros;Cotta Gypceros;Gypceros-Panzer;ゲリョスメイル;
Gypceros Vest;Chaleco de Gypceros;Tunique Gypceros;Pettorina Gypceros;Gypceros-Weste;ゲリョスレジスト;
Tetsucabra Mail;Malla de Tetsucabra;Cotte Tetsucabra;Cotta Tetsucabra;Tetsucabra-Panzer;カブラメイル;
Tetsucabra Vest;Chaleco Tetsucabra;Tunique Tetsucabra;Pettorina Tetsucabra;Tetsucabra-Weste;カブラレジスト;
Hermitaur Mail;Malla de Hermitaur;Cotte Hermitaur;Cotta Hermitaur;Hermitaur-Panzer;ザザミメイル;
Hermitaur Vest;Chaleco de Hermitaur;Tunique Hermitaur;Pettorina Hermitaur;Hermitaur-Weste;ザザミレジスト;
Volvidon Mail;Malla de Volvidon;Cotte Volvidon;Cotta Volvidon;Volvidon-Panzer;ラングロメイル;
Volvidon Vest;Chaleco de Volvidon;Tunique Volvidon;Pettorina Volvidon;Volvidon-Weste;ラングロレジスト;
Ludroth Mail;Malla de Ludroth;Cotte Ludroth;Cotta Ludroth;Ludroth-Panzer;ルドロスメイル;
Ludroth Vest;Chaleco de Ludroth;Tunique Ludroth;Pettorina Ludroth;Ludroth-Weste;ルドロスレジスト;
Malfestio Mail;Malla de Malfestio;Cotte Malfestio;Cotta Malfestio;Malfestio-Panzer;ホロロメイル;
Malfestio Vest;Chaleco Malfestio;Tunique Malfestio;Pettorina Malfestio;Malfestio-Weste;ホロロレジスト;
Khezu Mail;Malla de Khezu;Cotte Khezu;Cotta Khezu;Khezu-Panzer;フルフルメイル;
Khezu Vest;Chaleco de Khezu;Tunique Khezu;Pettorina Khezu;Khezu-Weste;フルフルレジスト;
Rathian Mail;Malla de Rathian;Cotte Rathian;Cotta Rathian;Rathian-Panzer;レイアメイル;
Rathian Vest;Chaleco de Rathian;Tunique Rathian;Pettorina Rathian;Rathian-Weste;レイアレジスト;
Nibelsnarf Mail;Malla de Nibelsnarf;Cotte Nibelsnarf;Cotta Nibelsnarf;Nibelsnarf-Panzer;ハプルメイル;
Nibelsnarf Vest;Chaleco Nibelsnarf;Tunique Nibelsnarf;Pettorina Nibelsnarf;Nibelsnarf-Weste;ハプルレジスト;
Blango Mail;Malla de Blango;Cotte Blango;Cotta Blango;Blango-Panzer;ブランゴメイル;
Blango Vest;Chaleco de Blango;Tunique Blango;Pettorina Blango;Blango-Weste;ブランゴレジスト;
Ceanataur Mail;Malla de Ceanataur;Cotte Ceanataur;Cotta Ceanataur;Ceanataur-Panzer;ギザミメイル;
Ceanataur Vest;Chaleco de Ceanataur;Tunique Ceanataur;Pettorina Ceanataur;Ceanataur-Weste;ギザミレジスト;
Najarala Mail;Malla de Najarala;Cotte Najarala;Cotta Najarala;Najarala-Panzer;ガララメイル;
Najarala Vest;Chaleco de Najarala;Tunique Najarala;Pettorina Najarala;Najarala-Weste;ガララレジスト;
Nargacuga Mail;Malla de Nargacuga;Cotte Nargacuga;Cotta Nargacuga;Nargacuga-Panzer;ナルガメイル;
Nargacuga Vest;Chaleco de Nargacuga;Tunique Nargacuga;Pettorina Nargacuga;Nargacuga-Weste;ナルガレジスト;
Scholarly Suit;Traje de erudito;Tenue du savoir;Abito sapiente;Gelehrtengewand;サージュスーツ;
Scholarly Vest;Chaleco de erudito;Tunique du savoir;Pettorina sapiente;Gelehrtenweste;サージュベスト;
Vaik Mail;Malla de Vaik;Cotte Vaik;Cotta Vaik;Vaik-Panzer;ヴァイクメイル;
Vaik Vest;Chaleco de Vaik;Tunique Vaik;Pettorina Vaik;Vaik-Weste;ヴァイクレジスト;
Aelucanth Thorax;Tórax de Aelucanth;Thorax Aelucanth;Torace Aelucanth;Aelucanth-Thorax;ロワーガペット;
Aelucanth Pleuron;Pleura de Aelucanth;Pleuron Aelucanth;Pleura Aelucanth;Aelucanth-Pleuron;ロワーガペクトス;
Rhopessa Thorax;Tórax de Rhopessa;Thorax Rhopessa;Torace Rhopessa;Rhopessa-Thorax;ファルメルペット;
Rhopessa Pleuron;Pleura de Rhopessa;Pleuron Rhopessa;Pleura Rhopessa;Rhopessa-Pleuron;ファルメルペクトス;
Artian Mail;Malla Artiana;Cotte Artian;Cotta Artian;Artian-Panzer;アーティアメイル;
Artian Vest;Chaleco Artiano;Tunique Artian;Pettorina Artian;Artian-Weste;アーティアレジスト;
Garuga Mail;Malla de Garuga;Cotte Garuga;Cotta Garuga;Garuga-Panzer;ガルルガメイル;
Garuga Vest;Chaleco de Garuga;Tunique Garuga;Pettorina Garuga;Garuga-Weste;ガルルガレジスト;
Uragaan Mail;Malla de Uragaan;Cotte Uragaan;Cotta Uragaan;Uragaan-Panzer;ガンキンメイル;
Uragaan Vest;Chaleco de Uragaan;Tunique Uragaan;Pettorina Uragaan;Uragaan-Weste;ガンキンレジスト;
Rathalos Mail;Malla de Rathalos;Cotte Rathalos;Cotta Rathalos;Rathalos-Panzer;レウスメイル;
Rathalos Vest;Chaleco de Rathalos;Tunique Rathalos;Pettorina Rathalos;Rathalos-Weste;レウスレジスト;
Lagiacrus Mail;Malla de Lagiacrus;Cotte Lagiacrus;Cotta Lagiacrus;Lagiacrus-Panzer;ラギアメイル;
Lagiacrus Vest;Chaleco de Lagiacrus;Tunique Lagiacrus;Pettorina Lagiacrus;Lagiacrus-Weste;ラギアレジスト;
Zinogre Mail;Malla de Zinogre;Cotte Zinogre;Cotta Zinogre;Zinogre-Panzer;ジンオウメイル;
Zinogre Vest;Chaleco de Zinogre;Tunique Zinogre;Pettorina Zinogre;Zinogre-Weste;ジンオウレジスト;
Mizutsune Mail;Malla de Mizutsune;Cotte Mizutsune;Cotta Mizutsune;Mizutsune-Panzer;ミツネメイル;
Mizutsune Vest;Chaleco Mizutsune;Tunique Mizutsune;Pettorina Mizutsune;Mizutsune-Weste;ミツネレジスト;
Astalos Mail;Malla de Astalos;Cotte Astalos;Cotta Astalos;Astalos-Panzer;ゼクスメイル;
Astalos Vest;Chaleco de Astalos;Tunique Astalos;Pettorina Astalos;Astalos-Weste;ゼクスレジスト;
Gammoth Mail;Malla de Gammoth;Cotte Gammoth;Cotta Gammoth;Gammoth-Panzer;ガムートメイル;
Gammoth Vest;Chaleco de Gammoth;Tunique Gammoth;Pettorina Gammoth;Gammoth-Weste;ガムートレジスト;
Glavenus Mail;Malla de Glavenus;Cotte Glavenus;Cotta Glavenus;Glavenus-Panzer;ディノメイル;
Glavenus Vest;Chaleco Glavenus;Tunique Glavenus;Pettorina Glavenus;Glavenus-Weste;ディノレジスト;
Gore Mail;Malla de Gore;Cotte Gore;Cotta Gore Magala;Gore-Magala-Panzer;ゴアメイル;
Gore Vest;Chaleco de Gore;Tunique Gore;Pettor. Gore Magala;Gore-Magala-Weste;ゴアレジスト;
Regios Mail;Malla de Regios;Cotte Regios;Cotta Regios;Regios-Panzer;レギオスメイル;
Regios Vest;Chaleco de Regios;Tunique Regios;Pettorina Regios;Regios-Weste;レギオスレジスト;
Tigrex Mail;Malla de Tigrex;Cotte Tigrex;Cotta Tigrex;Tigrex-Panzer;レックスメイル;
Tigrex Vest;Chaleco de Tigrex;Tunique Tigrex;Pettorina Tigrex;Tigrex-Weste;レックスレジスト;
Kirin Jacket;Chaqueta de Kirin;Veste Kirin;Giacca Kirin;Kirin-Jacke;キリンベスト;
Kirin Cape;Capa de Kirin;Cape Kirin;Cappa Kirin;Kirin-Cape;キリンケープ;
Brachydios Mail;Malla de Brachydios;Cotte Brachydios;Cotta Brachydios;Brachydios-Panzer;ブラキメイル;
Brachydios Vest;Chaleco Brachydios;Tunique Brachydios;Pettorina Brachydios;Brachydios-Weste;ブラキレジスト;
Arc Mail;Malla de arco;Cotte Archange;Cotta dell'arco;Erz-Panzer;アークメイル;
Arc Vest;Chaleco de arco;Tunique Archange;Pettorina dell'arco;Erz-Weste;アークレジスト;
Storge Mail;Malla de amor filial;Cotte Philia;Cotta storge;Philia-Panzer;フィリアメイル;
Storge Vest;Chaleco amor filial;Tunique Philia;Pettorina storge;Philia-Weste;フィリアレジスト;
Kushala Cista;Cista de Kushala;Cista Kushala;Cista Kushala;Kushala-Cista;クシャナディール;
Kushala Vise;Torso de Kushala;Étau Kushala;Morso Kushala;Kushala-Vise;クシャナバダル;
Mizuha Guards;Guardabrazos Mizuha;Muneate Mizuha;Protezioni Mizuha;Mizuha-Muneate;ミヅハ【胸当て】;
Cham Camise;Camisa extravagante;Muneate fantasque;Tunica stravagante;Fantasie-Muneate;トヨタマ【胸当て】;
Kaiser Mail;Malla de Káiser;Cotte Kaiser;Cotta Kaiser;Kaiser-Panzer;カイザーメイル;
Kaiser Vest;Chaleco de Káiser;Tunique Kaiser;Pettorina Kaiser;Kaiser-Weste;カイザーレジスト;
Skeletal Sternum;Esternón óseo;Sternum squelette;Sterno scheletrico;Skelett-Brustbein;骸装甲【胸骨】;
Decayed Sternum;Esternón roto;Sternum ancien;Sterno decomposto;Modriges Brustbein;屍装甲【胸骨】;
Black Hide;Piel negra;Cuir noir;Cuoio nero;Schwarze Lederhaut;ブラックハイド;
Black Skin;Pellejo negro;Peau noire;Pelle nera;Schwarze Haut;ブラックスキン;
Black Belt Mail;Malla cinturón negro;Cotte obi noir;Cotta cintura nera;Schwarzgurt-Panzer;クロオビメイル;
Black Belt Vest;Chaleco cint. negro;Tunique obi noir;Pettor. cintura nera;Schwarzgurt-Weste;クロオビレジスト;
Guild Bard Bolero;Bolero bardo gremio;Boléro de barde;Bolero bardo;Gildenbarden-Bolero;ギルドバードスーツ;
Guild Bard Vest;Chaleco bardo gremio;Veste de barde;Pettorina bardo;Gildenbarden-Weste;ギルドバードベスト;
Maiden's Suit;Traje sirvienta;Tenue Soubrette;Abito damigella;Magd-Gewand;メイドスーツ;
French Maid Vest;Chaleco de criada;Veste Gothic Lolita;Pettorina french maid;Hausmagd-Weste;プライベートベスト;
Helper Suit;Traje de ayudante;Tenue Servante;Abito aiutante;Helfer-Gewand;ヘルパースーツ;
Healer Vest;Chaleco de sanador;Veste Guérisseuse;Pettorina guaritrice;Heiler-Weste;ヒーラーベスト;
Dianthus Gown;Chaqueta Dianthus;Veste Dianthus;Giacca Dianthus;Dianthus-Jacke;撫子【蝶袍】;
Campanile Gown;Chaq. campanilla;Veste Campanile;Giacca Campanile;Campanile-Jacke;桔梗【蝶袍】;
Bath Robe;Bata de baño;Robe de bain;Accappatoio da bagno;Bademantel;ユアミスガタ;
Gourmew Suit;Traje Gourmiáu;Tenue Gourmiaou;Abito Gourmiao;Gourmiau-Gewand;グルニャンスーツ;
Gourmew Vest;Chaleco Gourmiáu;Tunique Gourmiaou;Pettorina Gourmiao;Gourmiau-Weste;グルニャンベスト;
Leather Mail S;Malla de cuero S;Cotte en cuir S;Cotta di cuoio S;Leder-Panzer S;レザーＳメイル;
Leather Vest S;Chaleco de cuero S;Tunique en cuir S;Pettorina di cuoio S;Leder-Weste S;レザーＳレジスト;
Chainmail Armor S;Armadura de malla S;Cotte de mailles S;Armatura di cotta S;Ketten-Rüstung S;チェーンＳメイル;
Chainmail Vest S;Chaleco de malla S;Tunique de mailles S;Pettorina di cotta S;Ketten-Weste S;チェーンＳレジスト;
Bherna Mail S;Malla de Bherna S;Cotte Bherna S;Cotta Bherna S;Bherna-Panzer S;ベルダーＳメイル;
Bherna Vest S;Chaleco Bherna S;Tunique Bherna S;Pettorina Bherna S;Bherna-Weste S;ベルダーＳレジスト;
Hunting Mail S;Malla de caza S;Cotte Fauconnier S;Cotta caccia S;Jagdpanzer S;ハントＳメイル;
Hunting Vest S;Chaleco de caza S;Tunique Fauconnier S;Pettorina caccia S;Jagdweste S;ハントＳレジスト;
Mafumofu Suit S;Traje Mafumofu S;Tenue Mafumofu S;Abito Mafumofu S;Mafumofu-Gewand S;マフモフＳスーツ;
Mafumofu Jacket S;Chaqueta Mafumofu S;Gilet Mafumofu S;Giacca Mafumofu S;Mafumofu-Jacke S;マフモフＳジャケット;
Yukumo Sky Dogi;Dogi cielo Yukumo;Dogi Yukumo Ciel;Dogi Yukumo cielo;Yukumo-Dogi Luft;ユクモノドウギ・天;
Yukumo Land Dogi;Dogi tierra Yukumo;Dogi Yukumo Terre;Dogi Yukumo terra;Yukumo-Dogi Land;ユクモノドウギ・地;
Loc Lac Shawl S;Manto de Loc Lac S;Foulard Loc Lac S;Scialle Loc Lac S;Loc-Lac-Tuch S;ロックラックＳスーツ;
Hunter's Mail S;Malla de cazador S;Cotte de chasseur S;Cotta cacciatore S;Jäger-Panzer S;ハンターＳメイル;
Hunter's Vest S;Chaleco de cazador S;Tunique chasseur S;Pettor. cacciatore S;Jäger-Weste S;ハンターＳレジスト;
Hunter's Mail R;Malla cazador R;Cotte chasseur R;Cotta cacciatore R;Jäger-Panzer R;ハンターＲメイル;
Hunter's Vest R;Chaleco cazador R;Tunique chasseur R;Pettor. cacciatore R;Jäger-Weste R;ハンターＲレジスト;
Bone Mail S;Malla de hueso S;Cotte d'os S;Cotta d'osso S;Knochen-Panzer S;ボーンＳメイル;
Bone Vest S;Chaleco de hueso S;Tunique d'os S;Pettorina d'osso S;Knochen-Weste S;ボーンＳレジスト;
Chaos Archplate;Archiplaca caos;Muneate du chaos;Arcicorazza del caos;Chaos-Erzplatte;混沌のカイ・覇;
Chaos Archbrigandine;Archibrigant. caos;Jaseran du chaos;Arcibrig. del caos;Chaos-Erzbrigantine;混沌のイー・覇;
Melahoa Jacket S;Chaqueta Melahoa S;Veste Melahoa S;Giacca Melahoa S;Melahoa-Jacke S;メルホアＳトロンコ;
Melahoa Stalk S;Esqueje Melahoa S;Tige Melahoa S;Stelo Melahoa S;Melahoa-Stängel S;メルホアＳシュタム;
Melahoa Jacket U;Chaqueta Melahoa U;Gilet Melahoa U;Giacca Melahoa U;Melahoa-Jacke U;メルホアＵトロンコ;
Melahoa Stalk U;Esqueje Melahoa U;Tige Melahoa U;Stelo Melahoa U;Melahoa-Stengel U;メルホアＵシュタム;
Makluva Cover S;Poncho Makluva S;Poncho Makluva S;Copertura Makluva S;Makluva-Hülle S;マカルパＳペプラム;
Makluva Scale S;Escama Makluva S;Écaille Makluva S;Squama Makluva S;Makluva-Schuppe S;マカルパＳエカイユ;
Makluva Cover U;Poncho Makluva U;Poncho Makluva U;Copertura Makluva U;Makluva-Hülle U;マカルパＵペプラム;
Makluva Scale U;Escama Makluva U;Écaille Makluva U;Squama Makluva U;Makluva-Schuppe U;マカルパＵエカイユ;
Bistro Suit S;Traje de chef S;Tenue de bistro S;Abito Bistrò S;Bistro-Gewand S;ビストロＳスーツ;
Bistro Vest S;Chaqueta de chef S;Tunique bistro S;Giacca Bistrò S;Bistro-Weste S;ビストロＳベスト;
Acorn Mail S;Malla de bellota S;Cotte Châtaigne S;Cotta ghianda S;Eichelpanzer S;どんぐりＳメイル;
Acorn Vest S;Chaleco bellota S;Tunique Châtaigne S;Pettorina ghianda S;Eichelweste S;どんぐりＳレジスト;
Mosgharl Ribplate S;Armazón Mosgharl S;Corset Mosgharl S;Gabbia t. Mosgharl S;MosgharlRippenplatte S;マギュルＳトロンコ;
Mosgharl Ribguard S;Coraza Mosgharl S;Pansière Mosgharl S;Corazza Mosgharl S;MosgharlRippenschutzS;マギュルＳシュタム;
Edel Ribplate S;Armazón de Edel S;Corset Edel S;Gabbia tor. Edel S;Edel-Rippenplatte S;エーデルＳトロンコ;
Edel Ribguard S;Coraza de Edel S;Pansière Edel S;Corazza Edel S;Edel-Rippenschutz S;エーデルＳシュタム;
Moofah Suit S;Traje de Moofah S;Tenue Moofah S;Abito Moofah S;Muufah-Gewand S;ムーファＳスーツ;
Moofah Jacket S;Chaqueta Moofah S;Veste Moofah S;Giacca Moofah S;Muufah-Jacke S;ムーファＳジャケット;
Slagtoth Cloak;Capa de Slagtoth;Manteau Slagtoth;Mantello Slagtoth;Slagtoth-Überwurf;ズワロマント;
Slagtoth Wrap;Mantón de Slagtoth;Cape Slagtoth;Scialle Slagtoth;Slagtoth-Umhang;ズワロケープ;
Velociprey Body S;Cuerpo Velociprey S;Plastron Velocip S;Corpo Velociprey S;Velociprey-Leib S;ランポスーツＳボディ;
Velociprey Suit S;Traje Velociprey S;Tenue Velociprey S;Abito Velociprey S;Velociprey-Gewand S;ランポスーツＳウェア;
Genprey Body S;Cuerpo Genprey S;Plastron Genprey S;Corpo Genprey S;Genprey-Leib S;ゲネポスーツＳボディ;
Genprey Suit S;Traje Genprey S;Tenue Genprey S;Abito Genprey S;Genprey-Gewand S;ゲネポスーツＳウェア;
Ioprey Body S;Cuerpo Ioprey S;Plastron Ioprey S;Corpo Ioprey S;Ioprey-Leib S;イーオスーツＳボディ;
Ioprey Wear S;Ropaje Ioprey S;Vêtement Ioprey S;Capo Ioprey S;Ioprey-Kleidung S;イーオスーツＳウェア;
Remobra Suit S;Traje de Remobra S;Plastron Remobra S;Abito Remobra S;Remobra-Gewand S;ガブラスーツＳボディ;
Remobra Wear S;Ropaje de Remobra S;Vêtement Remobra S;Capo Remobra S;Remobra-Kleidung S;ガブラスーツＳウェア;
Mosswine Vest S;Chaleco Mosswine S;Plaque Mosswine S;Pettorale Mosswine S;Mosswine-Weste S;モスＳブレスト;
Rhenoplos Mail S;Malla de Rhenoplos S;Cotte Rhenoplos S;Cotta Rhenoplos S;Rhenoplos-Panzer S;リノプロＳメイル;
Rhenoplos Vest S;Chaleco Rhenoplos S;Tunique Rhenoplos S;Pettor. Rhenoplos S;Rhenoplos-Weste S;リノプロＳレジスト;
Jaggi Mail S;Malla de Jaggi S;Cotte Jaggi S;Cotta Jaggi S;Jaggi-Panzer S;ジャギィＳメイル;
Jaggi Vest S;Chaleco de Jaggi S;Tunique Jaggi S;Pettorina Jaggi S;Jaggi-Weste S;ジャギィＳレジスト;
Droth Mail S;Malla de Droth S;Cotte Droth S;Cotta Droth S;Droth-Panzer S;ドロスＳメイル;
Droth Vest S;Chaleco de Droth S;Tunique Droth S;Pettorina Droth S;Droth-Weste S;ドロスＳレジスト;
Uroktor Torso S;Torso de Uroktor S;Doate Uroktor S;Corazza Uroktor S;Uroktor-Torso S;コトルＳメイル;
Uroktor Vest S;Chaleco Uroktor S;Tunique Uroktor S;Pettorina Uroktor S;Uroktor-Weste S;コトルＳレジスト;
Maccao Mail S;Malla de Maccao S;Cotte Maccao S;Cotta Maccao S;Maccao-Panzer S;マッカォＳメイル;
Maccao Vest S;Chaleco Maccao S;Tunique Maccao S;Pettorina Maccao S;Maccao-Weste S;マッカォＳレジスト;
Velociprey Mail S;Malla Velociprey S;Cotte Velociprey S;Cotta Velociprey S;Velociprey-Panzer S;ランポスＳメイル;
Velociprey Vest S;Chaleco Velociprey S;Tunique Velociprey S;Pettor. Velociprey S;Velociprey-Weste S;ランポスＳレジスト;
Giaprey Mail S;Malla de Giaprey S;Cotte Giaprey S;Cotta Giaprey S;Giaprey-Panzer S;ギアノスＳメイル;
Giaprey Vest S;Chaleco Giaprey S;Tunique Giaprey S;Pettorina Giaprey S;Giaprey-Weste S;ギアノスＳレジスト;
Genprey Mail S;Malla de Genprey S;Cotte Genprey S;Cotta Genprey S;Genprey-Panzer S;ゲネポスＳメイル;
Genprey Vest S;Chaleco de Genprey S;Tunique Genprey S;Pettorina Genprey S;Genprey-Weste S;ゲネポスＳレジスト;
EX Genprey Mail;Malla Genprey EX;Cotte Genprey EX;Cotta Genprey EX;Genprey-Panzer EX;EXゲネポスメイル;
EX Genprey Vest;Chaleco Genprey EX;Tunique Genprey EX;Pettorina Genprey EX;Genprey-Weste EX;EXゲネポスレジスト;
Ioprey Mail S;Malla de Ioprey S;Cotte Ioprey S;Cotta Ioprey S;Ioprey-Panzer S;イーオスＳメイル;
Ioprey Vest S;Chaleco de Ioprey S;Tunique Ioprey S;Pettorina Ioprey S;Ioprey-Weste S;イーオスＳレジスト;
EX Ioprey Mail;Malla de Ioprey EX;Cotte Ioprey EX;Cotta Ioprey EX;Ioprey-Panzer EX;EXイーオスメイル;
EX Ioprey Vest;Chaleco Ioprey EX;Tunique Ioprey EX;Pettorina Ioprey EX;Ioprey-Weste EX;EXイーオスレジスト;
Vespoid Mail S;Malla de Vespoid S;Cotte Vespoid S;Cotta Vespoid S;Vespoid-Panzer S;ランゴＳメイル;
Vespoid Vest S;Chaleco de Vespoid S;Tunique Vespoid S;Pettorina Vespoid S;Vespoid-Weste S;ランゴＳレジスト;
EX Vespoid Mail;Malla Vespoid EX;Cotte Vespoid EX;Cotta Vespoid EX;Vespoid-Panzer EX;EXランゴメイル;
EX Vespoid Vest;Chaleco Vespoid EX;Tunique Vespoid EX;Pettorina Vespoid EX;Vespoid-Weste EX;EXランゴレジスト;
Hornetaur Mail S;Malla Hornetaur S;Cotte Hornet S;Cotta Hornet S;Hornetaur-Panzer S;タロスＳメイル;
Hornetaur Vest S;Chaleco Hornetaur S;Tunique Hornet S;Pettorina Hornet S;Hornetaur-Weste S;タロスＳレジスト;
EX Hornetaur Mail;Malla Hornetaur EX;Cotte Hornetaur EX;Cotta Hornet EX;Hornetaur-Panzer EX;EXタロスメイル;
EX Hornetaur Vest;Chaleco Hornetaur EX;Tunique Hornet EX;Pettorina Hornet EX;Hornetaur-Weste EX;EXタロスレジスト;
Hornetaur Mail R;Malla Hornetaur R;Cotte Hornetaur R;Cotta Hornet R;Hornetaur-Panzer R;タロスＲメイル;
Hornetaur Vest R;Chaleco Hornetaur R;Tunique Hornet R;Pettorina Hornet R;Hornetaur-Weste R;タロスＲレジスト;
Bnahabra Suit S;Traje de Bnahabra S;Tenue Bnahabra S;Abito Bnahabra S;Bnahabra-Anzug S;ブナハＳスーツ;
Bnahabra Vest S;Chaleco Bnahabra S;Veste Bnahabra S;Pettorina Bnahabra S;Bnahabra-Weste S;ブナハＳベスト;
Bulldrome Mail S;Malla Bulldrome S;Cotte Bulldrome S;Cotta Bulldrome S;Bulldrome-Panzer S;ファンゴＳメイル;
Bulldrome Vest S;Chaleco Bulldrome S;Tunique Bulldro S;Pettorina Bulldrome S;Bulldrome-Weste S;ファンゴＳレジスト;
Arzuros Mail S;Malla de Arzuros S;Cotte Arzuros S;Cotta Arzuros S;Arzuros-Panzer S;アシラＳメイル;
Arzuros Vest S;Chaleco de Arzuros S;Tunique Arzuros S;Pettorina Arzuros S;Arzuros-Weste S;アシラＳレジスト;
Cephalos Mail S;Malla de Cephalos S;Cotte Cephalos S;Cotta Cephalos S;Cephalos-Panzer S;ガレオスＳメイル;
Cephalos Vest S;Chaleco Cephalos S;Tunique Cephalos S;Pettorina Cephalos S;Cephalos-Weste S;ガレオスＳレジスト;
EX Cephalos Mail;Malla Cephalos EX;Cotte Cephalos EX;Cotta Cephalos EX;Cephalos-Panzer EX;EXガレオスメイル;
EX Cephalos Vest;Chaleco Cephalos EX;Tunique Cephal EX;Pettorina Cephalos EX;Cephalos-Weste EX;EXガレオスレジスト;
Kut-Ku Mail S;Malla de Kut-Ku S;Cotte Kut-Ku S;Cotta Kut-Ku S;Kut-Ku-Panzer S;クックＳメイル;
Kut-Ku Vest S;Chaleco de Kut-Ku S;Tunique Kut-Ku S;Pettorina Kut-Ku S;Kut-Ku-Weste S;クックＳレジスト;
Kecha Mail;Malla de Kecha;Cotte Kecha;Cotta Kecha Wacha;Kecha-Wacha-Panzer;ケチャメイル;
Kecha Vest;Chaleco de Kecha;Tunique Kecha;Pettor. Kecha Wacha;Kecha-Wacha-Weste;ケチャレジスト;
Lagombi Mail S;Malla de Lagombi S;Cotte Lagombi S;Cotta Lagombi S;Lagombi-Panzer S;ウルクＳメイル;
Lagombi Vest S;Chaleco de Lagombi S;Tunique Lagombi S;Pettorina Lagombi S;Lagombi-Weste S;ウルクＳレジスト;
Gypceros Mail S;Malla de Gypceros S;Cotte Gypceros S;Cotta Gypceros S;Gypceros-Panzer S;ゲリョスＳメイル;
Gypceros Vest S;Chaleco Gypceros S;Tunique Gypceros S;Pettorina Gypceros S;Gypceros-Weste S;ゲリョスＳレジスト;
Gypceros Mail R;Malla de Gypceros R;Cotte Gypceros R;Cotta Gypceros R;Gypceros-Panzer R;ゲリョスＲメイル;
Gypceros Vest R;Chaleco Gypceros R;Tunique Gypceros R;Pettorina Gypceros R;Gypceros-Weste R;ゲリョスＲレジスト;
Tetsucabra Mail S;Malla Tetsucabra S;Cotte Tetsucabra S;Cotta Tetsucabra S;Tetsucabra-Panzer S;カブラＳメイル;
Tetsucabra Vest S;Chaleco Tetsucabra S;Tunique Tetsucabra S;Pettor. Tetsucabra S;Tetsucabra-Weste S;カブラＳレジスト;
Hermitaur Mail S;Malla de Hermitaur S;Cotte Hermitaur S;Cotta Hermitaur S;Hermitaur-Panzer S;ザザミＳメイル;
Hermitaur Vest S;Chaleco Hermitaur S;Tunique Hermitaur S;Pettor. Hermitaur S;Hermitaur-Weste S;ザザミＳレジスト;
EX Hermitaur Mail;Malla Hermitaur EX;Cotte Hermitaur EX;Cotta Hermitaur EX;Hermitaur-Panzer EX;EXザザミメイル;
EX Hermitaur Vest;Chaleco Hermitaur EX;Tunique Hermit EX;Pettor. Hermitaur EX;Hermitaur-Weste EX;EXザザミレジスト;
Hermitaur Mail R;Malla Hermitaur R;Cotte Hermitaur R;Cotta Hermitaur R;Hermitaur-Panzer R;ザザミＲメイル;
Hermitaur Vest R;Chaleco Hermitaur R;Tunique Hermit R;Pettor. Hermitaur R;Hermitaur-Weste R;ザザミＲレジスト;
Volvidon Mail S;Malla de Volvidon S;Cotte Volvidon S;Cotta Volvidon S;Volvidon-Panzer S;ラングロＳメイル;
Volvidon Vest S;Chaleco Volvidon S;Tunique Volvidon S;Pettorina Volvidon S;Volvidon-Weste S;ラングロＳレジスト;
Ludroth Mail S;Malla de Ludroth S;Cotte Ludroth S;Cotta Ludroth S;Ludroth-Panzer S;ルドロスＳメイル;
Ludroth Vest S;Chaleco de Ludroth S;Tunique Ludroth S;Pettorina Ludroth S;Ludroth-Weste S;ルドロスＳレジスト;
Ludroth Mail R;Malla de Lud. Real;Cotte Ludroth R;Cotta Ludroth R;Ludroth-Panzer R;ルドロスＲメイル;
Ludroth Vest R;Chaleco de Lud. Real;Tunique Ludroth R;Pettorina Ludroth R;Ludroth-Weste R;ルドロスＲレジスト;
Lecturer's Suit;Traje académico;Tenue d'érudite;Abito sapienza;Dozentengewand;エコールスーツ;
Lecturer's Jacket;Chaqueta académica;Veste d'érudite;Giacca sapienza;Dozentenjacke;エコールベスト;
Alloy Mail S;Malla de aleación S;Cotte en alliage S;Cotta in lega S;Legierungs-Panzer S;アロイＳメイル;
Alloy Vest S;Chaleco aleación S;Tunique en alliage S;Pettorina in lega S;Legierungs-Weste S;アロイＳレジスト;
Alloy Mail R;Malla de aleación R;Cotte en alliage R;Cotta in lega R;Legierungs-Panzer R;アロイＲメイル;
Alloy Vest R;Chaleco aleación R;Tunique alliage R;Pettorina in lega R;Legierungs-Weste R;アロイＲレジスト;
Battle Mail S;Malla de combate S;Cotte de combat S;Cotta da battaglia S;Kampf-Panzer S;バトルＳメイル;
Battle Vest S;Chaleco de combate S;Tunique de combat S;Pettor. da battaglia S;Kampf-Weste S;バトルＳレジスト;
Ingot Mail S;Malla de lingote S;Cotte en lingot S;Cotta lingotto S;Guss-Panzer S;インゴットＳメイル;
Ingot Vest S;Chaleco de lingote S;Tunique en lingot S;Pettorina lingotto S;Guss-Weste S;インゴットＳレジスト;
Ingot Mail R;Malla de lingote R;Cotte en lingot R;Cotta lingotto R;Guss-Panzer R;インゴットＲメイル;
Ingot Vest R;Chaleco de lingote R;Tunique lingot R;Pettorina lingotto R;Guss-Weste R;インゴットＲレジスト;
High Metal Mail S;Malla de megametal S;Cotte haut-métal S;Cotta Hi-Metal S;Hochmetall-Panzer S;ハイメタＳメイル;
High Metal Vest S;Chaleco megametal S;Tunique haut-métal S;Pettorina Hi-Metal S;Hochmetall-Weste S;ハイメタＳレジスト;
High Metal Mail U;Malla de megametal U;Cotte haut-métal U;Cotta Hi-Metal U;Hochmetall-Panzer U;ハイメタＵメイル;
High Metal Vest U;Chaleco megametal U;Tunique haut-métal U;Pettorina Hi-Metal U;Hochmetall-Weste U;ハイメタＵレジスト;
Lobster Mail;Malla de langosta;Coquille Homard;Cotta aragosta;Hummer-Panzer;キングロブスタシェル;
Lobster Vest;Chaleco de langosta;Peau Homard;Pettorina aragosta;Hummer-Weste;キングロブスタスキン;
Obituary Thorax S;Tórax de obituario S;Thorax Nécrologie S;Petto Necrologio S;Todes-Thorax S;オウビートＳペット;
Obituary Pleuron S;Pleura obituario S;Pleuron Nécrologie S;Pleura Necrologio S;Todes-Pleuron S;オウビートＳペクトス;
Butterfly Thorax S;Tórax de mariposa S;Thorax Papillon S;Petto Farfalla S;SchmetterlingThoraxS;パピメルＳペット;
Butterfly Pleuron S;Pleura de mariposa S;Pleuron Papillon S;Pleura farfalla S;SchmettrlingPleuronS;パピメルＳペクトス;
Death Stench Muscle S;Músculo pestilente S;Muscle putride S;Musc. puzza morte S;TodesgestankMuskel S;デスギアＳムスケル;
Death Stench Heart S;Corazón pestilente S;Cœur putride S;Cuore puzza morte S;Todesgestank-Herz S;デスギアＳケミュート;
Death Stench Muscle R;Músculo pestilente R;Muscle putride R;Musc. puzza morte R;Todesgestank-Muskel R;デスギアＲムスケル;
Death Stench Heart R;Corazón pestilente R;Cœur putride R;Cuore puzza morte R;Todesgestank-Herz R;デスギアＲケミュート;
Vaik Mail S;Malla de Vaik S;Cotte Vaik S;Cotta Vaik S;Vaik-Panzer S;ヴァイクＳメイル;
Vaik Vest S;Chaleco de Vaik S;Tunique Vaik S;Pettorina Vaik S;Vaik-Weste S;ヴァイクＳレジスト;
Aelucanth Thorax S;Tórax Aelucanth S;Thorax Aelucanth S;Torace Aelucanth S;Aelucanth-Thorax S;ロワーガＳペット;
Aelucanth Pleuron S;Pleura Aelucanth S;Pleuron Aelucan S;Pleura Aelucanth S;Aelucanth-Pleuron S;ロワーガＳペクトス;
Rhopessa Thorax S;Tórax Rhopessa S;Thorax Rhopessa S;Torace Rhopessa S;Rhopessa-Thorax S;ファルメルＳペット;
Rhopessa Pleuron S;Pleura Rhopessa S;Pleuron Rhopessa S;Pleura Rhopessa S;Rhopessa-Pleuron S;ファルメルＳペクトス;
Patissier's Suit;Traje de pastelero;Tenue de pâtissier;Abito pasticciere;Konditor-Anzug;パティシエスーツ;
Patissier's Vest;Chaleco de pastelero;Veste de pâtissier;Divisa pasticciere;Konditor-Weste;パティシエベスト;
Skalda Thorax S;Tórax Skalda S;Thorax Skalda S;Torace Skalda S;Skalda-Thorax S;スカルダＳペット;
Skalda Pleuron S;Pleura de Skalda S;Pleuron Skalda S;Pleura Skalda S;Skalda-Pleuron S;スカルダＳペクトス;
Spio Thorax S;Tórax de Spio S;Thorax Spio S;Torace Spio S;Spio-Thorax S;スパイオＳペット;
Spio Pleuron S;Pleura de Spio S;Pleuron Spio S;Pleura Spio S;Spio-Pleuron S;スパイオＳペクトス;
Malfestio Mail S;Malla Malfestio S;Cotte Malfestio S;Cotta Malfestio S;Malfestio-Panzer S;ホロロＳメイル;
Malfestio Vest S;Chaleco Malfestio S;Tunique Malfestio S;Pettorina Malfestio S;Malfestio-Weste S;ホロロＳレジスト;
Zamtrios Mail;Malla de Zamtrios;Cotte Zamtrios;Cotta Zamtrios;Zamtrios-Panzer;ザボアメイル;
Zamtrios Vest;Chaleco de Zamtrios;Tunique Zamtrios;Pettorina Zamtrios;Zamtrios-Weste;ザボアレジスト;
Khezu Mail S;Malla de Khezu S;Cotte Khezu S;Cotta Khezu S;Khezu-Panzer S;フルフルＳメイル;
Khezu Vest S;Chaleco de Khezu S;Tunique Khezu S;Pettorina Khezu S;Khezu-Weste S;フルフルＳレジスト;
Khezu Mail R;Malla de Khezu R;Cotte Khezu R;Cotta Khezu R;Khezu-Panzer R;フルフルＲメイル;
Khezu Vest R;Chaleco de Khezu R;Tunique Khezu R;Pettorina Khezu R;Khezu-Weste R;フルフルＲレジスト;
Rathian Mail S;Malla de Rathian S;Cotte Rathian S;Cotta Rathian S;Rathian-Panzer S;レイアＳメイル;
Rathian Vest S;Chaleco de Rathian S;Tunique Rathian S;Pettorina Rathian S;Rathian-Weste S;レイアＳレジスト;
EX Rathian Mail;Malla de Rathian EX;Cotte Rathian EX;Cotta Rathian EX;Rathian-Panzer EX;EXレイアメイル;
EX Rathian Vest;Chaleco Rathian EX;Tunique Rathian EX;Pettorina Rathian EX;Rathian-Weste EX;EXレイアレジスト;
Rathian Mail R;Malla de Rathian R;Cotte Rathian R;Cotta Rathian R;Rathian-Panzer R;レイアＲメイル;
Rathian Vest R;Chaleco de Rathian R;Tunique Rathian R;Pettorina Rathian R;Rathian-Weste R;レイアＲレジスト;
Nibelsnarf Mail S;Malla Nibelsnarf S;Cotte Nibelsnarf S;Cotta Nibelsnarf S;Nibelsnarf-Panzer S;ハプルＳメイル;
Nibelsnarf Vest S;Chaleco Nibelsnarf S;Tunique Nibelsnarf S;Pettor. Nibelsnarf S;Nibelsnarf-Weste S;ハプルＳレジスト;
Plesioth Mail;Malla de Plesioth;Cotte Plesioth;Cotta Plesioth;Plesioth-Panzer;ガノスメイル;
Plesioth Vest;Chaleco de Plesioth;Tunique Plesioth;Pettorina Plesioth;Plesioth-Weste;ガノスレジスト;
Blango Mail S;Malla de Blango S;Cotte Blango S;Cotta Blango S;Blango-Panzer S;ブランゴＳメイル;
Blango Vest S;Chaleco de Blango S;Tunique Blango S;Pettorina Blango S;Blango-Weste S;ブランゴＳレジスト;
EX Blango Mail;Malla de Blango EX;Cotte Blango EX;Cotta Blango EX;Blango-Panzer EX;EXブランゴメイル;
EX Blango Vest;Chaleco Blango EX;Tunique Blango EX;Pettorina Blango EX;Blango-Weste EX;EXブランゴレジスト;
Lavasioth Mail;Malla de Lava;Cotte Lavasioth;Cotta Lavasioth;Lava-Panzer;ラヴァメイル;
Lavasioth Vest;Chaleco de Lava;Tunique Lavasioth;Pettorina Lavasioth;Lava-Weste;ラヴァレジスト;
EX Lavasioth Mail;Malla de Lava EX;Cotte Lavasioth EX;Cotta Lavasioth EX;Lava-Panzer EX;EXラヴァメイル;
EX Lavasioth Vest;Chaleco de Lava EX;Tunique Lavasioth EX;Pettor. Lavasioth EX;Lava-Weste EX;EXラヴァレジスト;
Ceanataur Mail S;Malla de Ceanataur S;Cotte Ceanataur S;Cotta Ceanataur S;Ceanataur-Panzer S;ギザミＳメイル;
Ceanataur Vest S;Chaleco Ceanataur S;Tunique Ceanataur S;Pettorina Ceanataur S;Ceanataur-Weste S;ギザミＳレジスト;
EX Ceanataur Mail;Malla Ceanataur EX;Cotte Ceanataur EX;Cotta Ceanataur EX;Ceanataur-Panzer EX;EXギザミメイル;
EX Ceanataur Vest;Chaleco Ceanataur EX;Tunique Ceanataur EX;Pettor. Ceanataur EX;Ceanataur-Weste EX;EXギザミレジスト;
Ceanataur Mail R;Malla de Ceanataur R;Cotte Ceanataur R;Cotta Ceanataur R;Ceanataur-Panzer R;ギザミＲメイル;
Ceanataur Vest R;Chaleco Ceanataur R;Tunique Ceanataur R;Pettorina Ceanataur R;Ceanataur-Weste R;ギザミＲレジスト;
Najarala Mail S;Malla de Najarala S;Cotte Najarala S;Cotta Najarala S;Najarala-Panzer S;ガララＳメイル;
Najarala Vest S;Chaleco Najarala S;Tunique Najarala S;Pettorina Najarala S;Najarala-Weste S;ガララＳレジスト;
Nargacuga Mail S;Malla Nargacuga S;Cotte Narga S;Cotta Narga S;Nargacuga-Panzer S;ナルガＳメイル;
Nargacuga Vest S;Chaleco Nargacuga S;Tunique Narga S;Pettor. Narga S;Nargacuga-Weste S;ナルガＳレジスト;
Garuga Mail S;Malla de Garuga S;Cotte Garuga S;Cotta Garuga S;Garuga-Panzer S;ガルルガＳメイル;
Garuga Vest S;Chaleco de Garuga S;Tunique Garuga S;Pettorina Garuga S;Garuga-Weste S;ガルルガＳレジスト;
Uragaan Mail S;Malla de Uragaan S;Cotte Uragaan S;Cotta Uragaan S;Uragaan-Panzer S;ガンキンＳメイル;
Uragaan Vest S;Chaleco de Uragaan S;Tunique Uragaan S;Pettorina Uragaan S;Uragaan-Weste S;ガンキンＳレジスト;
Black Belt Mail S;Malla cint. negro S;Cotte obi noir S;Cotta cintura nera S;Schwarzgurt-Panzer S;クロオビＳメイル;
Black Belt Vest S;Chal. cint. negro S;Tunique obi noir S;Pett. cintura nera S;Schwarzgurt-Weste S;クロオビＳレジスト;
Guardian Suit;Traje de guardián;Tenue Gardien;Abito guardiano;Wächter-Gewand;ガーディアンスーツ;
Guardian Vest;Chaleco de guardián;Veste Gardien;Pettorina guardiano;Wächter-Weste;ガーディアンベスト;
Guardian Suit U;Traje de guardián U;Tenue Gardien U;Abito guardiano U;Wächter-Gewand U;ガーディアンＵスーツ;
Guardian Vest U;Chaleco de guardián U;Veste Gardien U;Pettorina guardiano U;Wächter-Weste U;ガーディアンＵベスト;
Scholar's Blouse;Blusa de colegiala;Blouse de clerc;Blusa Gilda;Gelehrten-Bluse;スカラースーツ;
Scholar's Vest;Chaleco de colegiala;Veste de clerc;Pettorina Gilda;Gelehrten-Weste;スカラーベスト;
Sailor Suit;Traje de marinero;Tenue de marin;Abito marinaretta;Matrosen-Anzug;セイラースーツ;
Sailor Vest;Chaleco de marinero;Veste de marin;Pettor. marinaretta;Matrosen-Weste;セイラーベスト;
Luxury Bath Robe;Bata baño lujosa;Robe de bain luxe;Accappatoio lusso;Luxusbademantel;高級ユアミスガタ;
Kita Star Jacket;Chaqueta estelar Kita;Pèlerine Hokushin;Giacca stella Kita;Hokushin-Jacke;ホクシン【上衣】;
Umi Ocean Jacket;Chaqueta océano Umi;Pèlerine Océan;Giacca oceano Umi;Umi-Ozean-Jacke;カイエン【上衣】;
Derring Mail S;Malla valerosa S;Cotte de bravoure S;Cotta ardita S;Wagemut-Panzer S;ブレイブＳメイル;
Derring Vest S;Chaleco valeroso S;Tunique bravoure S;Pettorina ardita S;Wagemut-Weste S;ブレイブＳレジスト;
Dober Mail;Malla de Dober;Cotte Dober;Cotta Dober;Dober-Panzer;ドーベルメイル;
Dober Vest;Chaleco de Dober;Tunique Dober;Pettorina Dober;Dober-Weste;ドーベルレジスト;
Damascus Mail;Malla de Damasco;Cotte Damascus;Cotta di Damasco;Damaskus-Panzer;ダマスクメイル;
Damascus Vest;Chaleco de Damasco;Tunique Damascus;Pettorina di Damasco;Damaskus-Weste;ダマスクレジスト;
Damascus Mail R;Malla de Damasco R;Cotte Damascus R;Cotta di Damasco R;Damaskus-Panzer R;ダマスクＲメイル;
Damascus Vest R;Chaleco Damasco R;Tunique Damascus R;Pettor. di Damasco R;Damaskus-Weste R;ダマスクＲレジスト;
Artian Mail S;Malla Artiana S;Cotte Artian S;Cotta Artian S;Artian-Panzer S;アーティアＳメイル;
Artian Vest S;Chaleco Artiano S;Tunique Artian S;Pettorina Artian S;Artian-Weste S;アーティアＳレジスト;
Artian Mail R;Malla Artiana R;Cotte Artian R;Cotta Artian R;Artian-Panzer R;アーティアＲメイル;
Artian Vest R;Chaleco Artiano R;Tunique Artian R;Pettorina Artian R;Artian-Weste R;アーティアＲレジスト;
Seltas Mail;Malla de Seltas;Cotte Seltas;Cotta Seltas;Seltas-Panzer;セルタスメイル;
Seltas Vest;Chaleco de Seltas;Tunique Seltas;Pettorina Seltas;Seltas-Weste;セルタスレジスト;
Rathalos Mail S;Malla de Rathalos S;Cotte Rathalos S;Cotta Rathalos S;Rathalos-Panzer S;レウスＳメイル;
Rathalos Vest S;Chaleco Rathalos S;Tunique Rathalos S;Pettorina Rathalos S;Rathalos-Weste S;レウスＳレジスト;
EX Rathalos Mail;Malla de Rathalos EX;Cotte Rathalos EX;Cotta Rathalos EX;Rathalos-Panzer EX;EXレウスメイル;
EX Rathalos Vest;Chaleco Rathalos EX;Tunique Rathalos EX;Pettor. Rathalos EX;Rathalos-Weste EX;EXレウスレジスト;
Rathalos Mail R;Malla de Rathalos R;Cotte Rathalos R;Cotta Rathalos R;Rathalos-Panzer R;レウスＲメイル;
Rathalos Vest R;Chaleco Rathalos R;Tunique Rathalos R;Pettorina Rathalos R;Rathalos-Weste R;レウスＲレジスト;
Lagiacrus Mail S;Malla de Lagiacrus S;Cotte Lagiacrus S;Cotta Lagiacrus S;Lagiacrus-Panzer S;ラギアＳメイル;
Lagiacrus Vest S;Chaleco Lagiacrus S;Tunique Lagiacrus S;Pettor. Lagiacrus S;Lagiacrus-Weste S;ラギアＳレジスト;
Lagiacrus Mail R;Malla Lagiacrus R;Cotte Lagiacrus R;Cotta Lagiacrus R;Lagiacrus-Panzer R;ラギアＲメイル;
Lagiacrus Vest R;Chaleco Lagiacrus R;Tunique Lagiacrus R;Pettor. Lagiacrus R;Lagiacrus-Weste R;ラギアＲレジスト;
Zinogre Mail S;Malla de Zinogre S;Cotte Zinogre S;Cotta Zinogre S;Zinogre-Panzer S;ジンオウＳメイル;
Zinogre Vest S;Chaleco de Zinogre S;Tunique Zinogre S;Pettorina Zinogre S;Zinogre-Weste S;ジンオウＳレジスト;
EX Zinogre Mail;Malla Zinogre EX;Cotte Zinogre EX;Cotta Zinogre EX;Zinogre-Panzer EX;EXジンオウメイル;
EX Zinogre Vest;Chaleco Zinogre EX;Tunique Zinogre EX;Pettorina Zinogre EX;Zinogre-Weste EX;EXジンオウレジスト;
Mizutsune Mail S;Malla Mizutsune S;Cotte Mizutsune S;Cotta Mizutsune S;Mizutsune-Panzer S;ミツネＳメイル;
Mizutsune Vest S;Chaleco Mizutsune S;Tunique Mizutsune S;Pettorina Mizutsune S;Mizutsune-Weste S;ミツネＳレジスト;
Astalos Mail S;Malla de Astalos S;Cotte Astalos S;Cotta Astalos S;Astalos-Panzer S;ゼクスＳメイル;
Astalos Vest S;Chaleco Astalos S;Tunique Astalos S;Pettorina Astalos S;Astalos-Weste S;ゼクスＳレジスト;
Gammoth Mail S;Malla de Gammoth S;Cotte Gammoth S;Cotta Gammoth S;Gammoth-Panzer S;ガムートＳメイル;
Gammoth Vest S;Chaleco Gammoth S;Tunique Gammoth S;Pettorina Gammoth S;Gammoth-Weste S;ガムートＳレジスト;
Glavenus Mail S;Malla Glavenus S;Cotte Glavenus S;Cotta Glavenus S;Glavenus-Panzer S;ディノＳメイル;
Glavenus Vest S;Chaleco Glavenus S;Tunique Glavenus S;Pettorina Glavenus S;Glavenus-Weste S;ディノＳレジスト;
Agnaktor Mail;Malla de Agnaktor;Cotte Agnaktor;Cotta Agnaktor;Agnaktor-Panzer;アグナメイル;
Agnaktor Vest;Chaleco de Agnaktor;Tunique Agnaktor;Pettorina Agnaktor;Agnaktor-Weste;アグナレジスト;
Gore Mail S;Malla de Gore S;Cotte Gore S;Cotta Gore Magala S;Gore-Magala-Panzer S;ゴアＳメイル;
Gore Vest S;Chaleco de Gore S;Tunique Gore S;Pett. Gore Magala S;Gore-Magala-Weste S;ゴアＳレジスト;
EX Gore Mail;Malla Gore EX;Cotte Gore EX;Cotta Gore Magala EX;GoreMagala-Panzer EX;EXゴアメイル;
EX Gore Vest;Chaleco Gore EX;Tunique Gore EX;Pett. Gore Magala EX;Gore-Magala-Weste EX;EXゴアレジスト;
Gore Mail R;Malla de Gore R;Cotte Gore R;Cotta Gore Magala R;Gore-Magala-Panzer R;ゴアＲメイル;
Gore Vest R;Chaleco de Gore R;Tunique Gore R;Pett. Gore Magala R;Gore-Magala-Weste R;ゴアＲレジスト;
Regios Mail S;Malla de Regios S;Cotte Regios S;Cotta Regios S;Regios-Panzer S;レギオスＳメイル;
Regios Vest S;Chaleco de Regios S;Tunique Regios S;Pettorina Regios S;Regios-Weste S;レギオスＳレジスト;
Duramboros Mail;Malla de Duramboros;Cotte Duramboros;Cotta Duramboros;Duramboros-Panzer;ドボルメイル;
Duramboros Vest;Chaleco Duramboros;Tunique Duramboros;Pettorina Duramboros;Duramboros-Weste;ドボルレジスト;
Tigrex Mail S;Malla de Tigrex S;Cotte Tigrex S;Cotta Tigrex S;Tigrex-Panzer S;レックスＳメイル;
Tigrex Vest S;Chaleco de Tigrex S;Tunique Tigrex S;Pettorina Tigrex S;Tigrex-Weste S;レックスＳレジスト;
EX Tigrex Mail;Malla de Tigrex EX;Cotte Tigrex EX;Cotta Tigrex EX;Tigrex-Panzer EX;EXレックスメイル;
EX Tigrex Vest;Chaleco de Tigrex EX;Tunique Tigrex EX;Pettorina Tigrex EX;Tigrex-Weste EX;EXレックスレジスト;
Tigrex Mail R;Malla de Tigrex R;Cotte Tigrex R;Cotta Tigrex R;Tigrex-Panzer R;レックスＲメイル;
Tigrex Vest R;Chaleco de Tigrex R;Tunique Tigrex R;Pettorina Tigrex R;Tigrex-Weste R;レックスＲレジスト;
Kirin Jacket S;Chaqueta de Kirin S;Veste Kirin S;Giacca Kirin S;Kirin-Jacke S;キリンＳベスト;
Kirin Cape S;Capa de Kirin S;Cape Kirin S;Cappa Kirin S;Kirin-Cape S;キリンＳケープ;
Kirin Jacket R;Chaqueta Kirin R;Veste Kirin R;Giacca Kirin R;Kirin-Jacke R;キリンＲベスト;
Kirin Cape R;Capa de Kirin R;Cape Kirin R;Cappa Kirin R;Kirin-Cape R;キリンＲケープ;
Brachydios Mail S;Malla Brachydios S;Cotte Brachydios S;Cotta Brachydios S;Brachydios-Panzer S;ブラキＳメイル;
Brachydios Vest S;Chaleco Brachydios S;Tunique Brachydios S;Pettor. Brachydios S;Brachydios-Weste S;ブラキＳレジスト;
EX Brachydios Mail;Malla Brachydios EX;Cotte Brachydi EX;Cotta Brachydios EX;Brachydios-Panzer EX;EXブラキメイル;
EX Brachydios Vest;Chaleco Brachydios EX;Tunique Brachydios EX;Pettor. Brachydios EX;Brachydios-Weste EX;EXブラキレジスト;
Golden Haori;Haori dorado;Haori d'or;Haori d'oro;Goldene Haori;金色ノ羽織;
Puppeteer Suit;Traje de titiritero;Habit Kuroko;Costume burattinaio;Kuroko-Gewand;黒子ノ装束;
Vangis Mail;Malla de Vangis;Cotte Vangis;Cotta Vangis;Vangis-Panzer;バンギスメイル;
Vangis Vest;Chaleco de Vangis;Tunique Vangis;Pettorina Vangis;Vangis-Weste;バンギスレジスト;
Guild Knight Suit;Traje caball. gremio;Tenue Chevalier;Abito cavaliere;Gildenritter-Gewand;ギルドナイトスーツ;
Guild Knight Vest;Chaleco cab. gremio;Veste Chevalier;Pettorina cavaliere;Gildenritter-Weste;ギルドナイトベスト;
Maiden's Suit S;Traje sirvienta S;Tenue Soubrette S;Abito damigella S;Magd-Gewand S;メイドＳスーツ;
French Maid Vest S;Chaleco de criada S;Veste Gothic Lolita S;Pettorina french maid S;Hausmagd-Weste S;プライベートＳベスト;
Blue Guild Suit;Traje gremio azul;Tenue de Guilde (BL);Abito paladino blu;Blaues Gilden-Gewand;ギルドガードスーツ蒼;
Blue Guild Vest;Chaleco gremio azul;Veste de Guilde (BL);Pett. paladino blu;Blaue Gilden-Weste;ギルドガードベスト蒼;
Blue Guild Suit;Traje gremio azul;Tenue de Guilde (BL);Abito paladino blu;Blaues Gilden-Gewand;ギルドガードスーツ蒼;
Blue Guild Vest;Chaleco gremio azul;Veste de Guilde (BL);Pett. paladino blu;Blaue Gilden-Weste;ギルドガードベスト蒼;
Red Guild Suit;Traje gremio rojo;Tenue de Guilde (RG);Abito paladino ros.;Rotes Gilden-Gewand;ギルドガードスーツ紅;
Red Guild Vest;Chaleco gremio rojo;Veste de Guilde (RG);Pett. paladino ros.;Rote Gilden-Weste;ギルドガードベスト紅;
Red Guild Suit;Traje gremio rojo;Tenue de Guilde (RG);Abito paladino ros.;Rotes Gilden-Gewand;ギルドガードスーツ紅;
Red Guild Vest;Chaleco gremio rojo;Veste de Guilde (RG);Pett. paladino ros.;Rote Gilden-Weste;ギルドガードベスト紅;
Helper Suit S;Traje ayudante S;Tenue Servante S;Abito aiutante S;Helfer-Gewand S;ヘルパーＳスーツ;
Healer Vest S;Chaleco sanador S;Veste Guérisseuse S;Pettorina guaritrice S;Heiler-Weste S;ヒーラーＳベスト;
Helper Suit U;Traje ayudante U;Tenue Servante U;Abito aiutante U;Helfer-Gewand U;ヘルパーＵスーツ;
Healer Vest U;Chaleco de sanador U;Veste Guérisseuse U;Pettorina guaritrice U;Heiler-Weste U;ヒーラーＵベスト;
Guild Bard Bolero S;Bolero bardo grem. S;Boléro de barde S;Bolero bardo S;GildenbardenBolero S;ギルドバードＳスーツ;
Guild Bard Vest S;Chal. bardo grem. S;Veste de barde S;Pettorina bardo S;Gildenbarden-Weste S;ギルドバードＳベスト;
Chakra Necklace;Collar Chakra;Collier Chakra;Collana Chakra;Chakra-Halskette;三眼の首飾り;
Dianthus Wealgown;Toga Dianthus;Veste Dianthus S;Foggia Dianthus;Dianthus-Jacke S;撫子・華【蝶袍】;
Campanile Wealgown;Toga campanilla;Veste Campanile S;Foggia Campanile;Campanile-Jacke S;桔梗・華【蝶袍】;
Ace Mail;Malla de élite;Cotte As de chasse;Cotta Grancaccia;Ass-Panzer;エースメイル;
Ace Vest;Chaleco de élite;Tunique As de chasse;Pettorina Grancaccia;Ass-Weste;エースレジスト;
Sororal Mail;Malla fraternal;Cotte Amazone;Cotta sorellanza;Amazonen-Panzer;クイーンメイル;
Sororal Vest;Chaleco fraternal;Tunique Amazone;Pettorina sorellanza;Amazonen-Weste;クイーンレジスト;
Hawksuit;Traje de halcón;Tenue Faucon;Abito falco;Adlergewand;ホークスーツ;
Hawkjacket;Chaqueta de halcón;Veste Faucon;Giacca falco;Adlerjacke;ホークベスト;
Gourmew Suit S;Traje Gourmiáu S;Tenue Gourmiaou S;Abito Gourmiao S;Gourmiau-Gewand S;グルニャンＳスーツ;
Gourmew Vest S;Chaleco Gourmiáu S;Tunique Gourmiaou S;Pettorina Gourmiao S;Gourmiau-Anzug S;グルニャンＳベスト;
Scholarly Suit S;Traje de erudito S;Tenue du savoir S;Abito sapiente S;Gelehrtengewand S;サージュＳスーツ;
Scholarly Vest S;Chaleco de erudito S;Tunique du savoir S;Pettorina sapiente S;Gelehrtenweste S;サージュＳベスト;
Ranger's Girdle;Cinto de soldado;Domaki de ranger;Rubasca ranger;Ranger-Domaki;城塞遊撃隊【胴巻】;
Archer's Girdle;Cinto de arquero;Domaki d'archer;Rubasca arciere;Bogenschützen-Domaki;城塞弓撃隊【胴巻】;
Shinobi Heaven Suit;Traje celes. Shinobi;Habit Shinobi Cieux;Abito Shinobi aria;ShinobiGewand Himmel;忍の装束・天;
Shinobi Land Suit;Traje tierra Shinobi;Habit Shinobi Terre;Abito Shinobi terra;Shinobi-Gewand Land;忍の装束・地;
Shinobi Sky Suit;Traje cielo Shinobi;Habit Shinobi Vent;Abito Shinobi cielo;Shinobi-Gewand Luft;忍の装束・空;
Shinobi Sea Suit;Traje mar Shinobi;Habit Shinobi Eau;Abito Shinobi mare;Shinobi-Gewand Meer;忍の装束・海;
Ancient Mail;Malla antigua;Cotte antique;Cotta antica;Uralter Panzer;龍歴士メイル;
Ancient Vest;Chaleco antiguo;Tunique antique;Pettorina antica;Uralte Weste;龍歴士レジスト;
Master's Mail;Malla de maestro;Cotte de maître;Cotta del maestro;Meisterpanzer;マスターメイル;
Master's Vest;Chaleco de maestro;Tunique de maître;Pettorina del maestro;Meisterweste;マスターレジスト;
Black Hide S;Piel negra S;Cuir noir S;Cuoio nero S;Schwarze Lederhaut S;ブラックＳハイド;
Black Skin S;Pellejo negro S;Peau noire S;Pelle nera S;Schwarze Haut S;ブラックＳスキン;
Toka Doate;Toka Doate;Doate Toka;Doate Toka;Toka-Doate;桐花【胴当て】;
Mitsuaoi Doate;Mitsuaoi Doate;Doate Mitsuaoi;Doate Mitsuaoi;Mitsuaoi-Doate;三葵【胴当て】;
EX Rathian Mail S;Malla Rathian EX S;Cotte Rathian EX S;Cotta Rathian EX S;Rathian-Panzer EX S;EXレイアＳメイル;
EX Rathian Vest S;Chaleco Rathian EX S;Tunique Rathi EX S;Pettor. Rathian EX S;Rathian-Weste EX S;EXレイアＳレジスト;
EX Rathalos Mail S;Malla Rathalos EX S;Cotte Ratha EX S;Cotta Rathalos EX S;Rathalos-Panzer EX S;EXレウスＳメイル;
EX Rathalos Vest S;Chaleco Rathalos EX S;Tunique Ratha EX S;Pettor. Rathalos EX S;Rathalos-Weste EX S;EXレウスＳレジスト;
EX Tigrex Mail S;Malla Tigrex EX S;Cotte Tigrex EX S;Cotta Tigrex EX S;Tigrex-Panzer EX S;EXレックスＳメイル;
EX Tigrex Vest S;Chaleco Tigrex EX S;Tunique Tigr EX S;Pettor. Tigrex EX S;Tigrex-Weste EX S;EXレックスＳレジスト;
Arc Mail S;Malla de arco S;Cotte Archange S;Cotta dell'arco S;Erz-Panzer S;アークＳメイル;
Arc Vest S;Chaleco de arco S;Tunique Archange S;Pettor. dell'arco S;Erz-Weste S;アークＳレジスト;
Storge Mail S;Malla amor filial S;Cotte Philia S;Cotta storge S;Philia-Panzer S;フィリアＳメイル;
Storge Vest S;Chaleco amor filial S;Tunique Philia S;Pettorina storge S;Philia-Weste S;フィリアＳレジスト;
EX Arc Mail;Malla de arco EX;Cotte Archange EX;Cotta dell'arco EX;Erz-Panzer EX;EXアークメイル;
EX Arc Vest;Chaleco de arco EX;Tunique Archan EX;Pettor. dell'arco EX;Erz-Weste EX;EXアークレジスト;
EX Storge Mail;Malla amor filial EX;Cotte Philia EX;Cotta storge EX;Philia-Panzer EX;EXフィリアメイル;
EX Storge Vest;Chaleco amor filial EX;Tunique Philia EX;Pettorina storge EX;Philia-Weste EX;EXフィリアレジスト;
Arc Mail R;Malla de arco R;Cotte Archange R;Cotta dell'arco R;Erz-Panzer R;アークＲメイル;
Arc Vest R;Chaleco de arco R;Tunique Archange R;Pettor. dell'arco R;Erz-Weste R;アークＲレジスト;
Storge Mail R;Malla amor filial R;Cotte Philia R;Cotta storge R;Philia-Panzer R;フィリアＲメイル;
Storge Vest R;Chaleco amor filial R;Tunique Philia R;Pettorina storge R;Philia-Weste R;フィリアＲレジスト;
Kushala Cista S;Cista Kushala S;Cista Kushala S;Cista Kushala S;Kushala-Cista S;クシャナＳディール;
Kushala Vise S;Torso Kushala S;Étau Kushala S;Morso Kushala S;Kushala-Vise S;クシャナＳバダル;
EX Kushala Cista;Cista de Kushala EX;Cista Kushala EX;Cista Kushala EX;Kushala-Cista EX;EXクシャナディール;
EX Kushala Vise;Torso de Kushala EX;Étau Kushala EX;Morso Kushala EX;Kushala-Vise EX;EXクシャナバダル;
Kushala Cista R;Cista Kushala R;Cista Kushala R;Cista Kushala R;Kushala-Cista R;クシャナＲディール;
Kushala Vise R;Torso Kushala R;Étau Kushala R;Morso Kushala R;Kushala-Vise R;クシャナＲバダル;
Mizuha Guards S;Guardb. Mizuha S;Muneate Mizuha H;Protezioni Mizuha S;Mizuha-Muneate S;ミヅハ覇【胸当て】;
Cham Camise S;Camisa extravag. S;Muneate fantasque H;Tunica stravagante S;Fantasie-Muneate S;トヨタマ覇【胸当て】;
EX Mizuha Guards;Guardb. Mizuha EX;Muneate Mizuha EX;Protezioni Mizuha EX;Mizuha-Muneate EX;EXミヅハ【胸当て】;
EX Cham Camise;Camisa extravag. EX;Muneate fantasque EX;Tunica stravagante EX;Fantasie-Muneate EX;EXトヨタマ【胸当て】;
Kaiser Mail S;Malla de Káiser S;Cotte Kaiser S;Cotta Kaiser S;Kaiser-Panzer S;カイザーＳメイル;
Kaiser Vest S;Chaleco de Káiser S;Tunique Kaiser S;Pettorina Kaiser S;Kaiser-Weste S;カイザーＳレジスト;
EX Kaiser Mail;Malla de Káiser EX;Cotte Kaiser EX;Cotta Kaiser EX;Kaiser-Panzer EX;EXカイザーメイル;
EX Kaiser Vest;Chaleco de Káiser EX;Tunique Kaiser EX;Pettorina Kaiser EX;Kaiser-Weste EX;EXカイザーレジスト;
Silver Solmail;Malla sol de plata;Cotte Solargent;Cotta sole argentato;SilbernerSonnenpanzr;シルバーソルメイル;
Silver Solvest;Chaleco sol de plata;Tunique Solargent;Pett. sole argentato;Silberne Sonnenweste;シルバーソルレジスト;
EX Silver Solmail;Malla sol de plata EX;Cotte Solargent EX;Cotta sole arg. EX;SilbernSonnenpanzerEX;EXＳ・ソルメイル;
EX Silver Solvest;Chaleco sol de plata EX;Tunique Solarg EX;Pett. sole arg. EX;SilberneSonnenwesteEX;EXＳ・ソルレジスト;
Silver Solmail R;Malla sol de plata R;Cotte Solargent R;Cotta sole arg. R;SilbernerSonnenpanzerR;Ｓ・ソルＲメイル;
Silver Solvest R;Chaleco sol de plata R;Tunique Solarg R;Pett. sole arg. R;SilbernSonnenweste R;Ｓ・ソルＲレジスト;
Golden Lunemail;Malla luna dorada;Cotte Lunedor;Cotta luna dorata;Goldener Mondpanzer;ゴールドルナメイル;
Golden Lunevest;Chaleco luna dorada;Tunique Lunedor;Pettor. luna dorata;Goldene Mondweste;ゴールドルナレジスト;
EX Golden Lunemail;Malla luna dorada EX;Cotte Lunedor EX;Cotta luna dorata EX;GoldenerMondpanzerEX;EXＧ・ルナメイル;
EX Golden Lunevest;Chaleco luna dorada EX;Tunique Lunedor EX;Pettor. luna dor. EX;Goldene Mondweste EX;EXＧ・ルナレジスト;
Divine Ire Haori;Haori de ira divina;Haori Ire divine;Haori ira divina;Gotteszorn-Haori;怒天ノ羽織;
Crusher Garb;Atuendo rompementes;Habit Brise-esprit;Veste psichica;Geistmalmer-Gewand;心滅ノ装束;
Esurient Mail;Malla voraz;Cotte Voracité;Cotta vorace;Gier-Panzer;グリードメイル;
Esurient Vest;Chaleco voraz;Tunique Voracité;Pettorina vorace;Gier-Weste;グリードレジスト;
Esurient Mail R;Malla voraz R;Cotte Voracité R;Cotta vorace R;Gier-Panzer R;グリードＲメイル;
Esurient Vest R;Chaleco voraz R;Tunique Voracité R;Pettorina vorace R;Gier-Weste R;グリードＲレジスト;
Akantor Aegis;Égida de Akantor;Aegis Akantor;Egida Akantor;Akantor-Aegis;アカムトウルンテ;
Akantor Plate;Peto de Akantor;Plaque Akantor;Corazza Akantor;Akantor-Platte;アカムトウルンペ;
Akantor Aegis R;Égida Akantor R;Aegis Akantor R;Egida Akantor R;Akantor-Aegis R;アカムトＲウルンテ;
Akantor Plate R;Placa de Akantor R;Plaque Akantor R;Corazza Akantor R;Akantor-Platte R;アカムトＲウルンペ;
Ukanlos Aegis;Égida de Ukanlos;Aegis Ukanlos;Egida Ukanlos;Ukanlos-Aegis;ウカムルウルンテ;
Ukanlos Plate;Peto de Ukanlos;Plaque Ukanlos;Corazza Ukanlos;Ukanlos-Platte;ウカムルウルンペ;
Tempest Robe;Toga de tempestad;Robe Tempête;Tunica tempesta;Sturm-Gewand;荒天【衣】;
Welkin Robe;Toga de firmamento;Robe céleste;Tunica celeste;Firmament-Gewand;蒼天【衣】;
Tempest Robe R;Toga tempestad R;Robe Tempête R;Tunica fantempesta R;Sturm-Gewand R;荒天亜流【衣】;
Welkin Robe R;Toga firmamento R;Robe céleste R;Tunica alumceleste R;Firmament-Gewand R;蒼天亜流【衣】;
Skeletal Sternum R;Esternón óseo R;Sternum squelette R;Sterno arcischel. R;Skelett-Brustbein R;骸装甲・覇【胸骨】;
Decayed Sternum R;Esternón roto R;Sternum ancien R;Sterno arcidecomp. R;Modriges Brustbein R;屍装甲・覇【胸骨】;
Astral Suit;Traje astral;Tenue astrale;Abito astrale;Astral-Gewand;アスリスタスーツ;
Astral Vest;Chaleco astral;Tunique astrale;Pettorina astrale;Astral-Weste;アスリスタベスト;
Escadora Soul;Alma Escadora;Âme Escadora;Cotta Escadora;Escadora-Geist;エスカドラソウル;
Escadora Seele;Ánima Escadora;Ardeur Escadora;Pettorina Escadora;Escadora-Seele;エスカドラゼーレ;
Escadora Soul R;Alma Escadora R;Âme Escadora R;Cotta Escadora R;Escadora-Geist R;エスカドラＲソウル;
Escadora Seele R;Ánima Escadora R;Ardeur Escadora R;Pettorina Escadora R;Escadora-Seele R;エスカドラＲゼーレ;
Strange Mail;Malla extraña;Cotte étrange;Cotta strana;Seltsamer Panzer;異形メイル;
Strange Vest;Chaleco extraño;Tunique étrange;Pettorina strana;Seltsame Weste;異形レジスト;
Redhelm Mail LV1;Malla de Ámbar LV1;Cotte Crâne-ardent LV1;Cotta Sanguis LV1;Rothelm-Panzer LV1;LV1 紅兜メイル;
Redhelm Vest LV1;Chaleco de Ámbar LV1;Tunique Crâne-ardent LV1;Pettorina Sanguis LV1;Rothelm-Weste LV1;LV1 紅兜レジスト;
Redhelm Mail LV6;Malla de Ámbar LV6;Cotte Crâne-ardent LV6;Cotta Sanguis LV6;Rothelm-Panzer LV6;LV6 紅兜メイル;
Redhelm Vest LV6;Chaleco de Ámbar LV6;Tunique Crâne-ardent LV6;Pettorina Sanguis LV6;Rothelm-Weste LV6;LV6 紅兜レジスト;
Snowbaron Mail LV1;Malla de Alud LV1;Cotte Maître-neige LV1;Cotta Nix LV1;Schneesturm-Panzer LV1;LV1 大雪主メイル;
Snowbaron Vest LV1;Chaleco de Alud LV1;Tunique Maître-neige LV1;Pettorina Nix LV1;Schneesturm-Weste LV1;LV1 大雪主レジスト;
Snowbaron Mail LV6;Malla de Alud LV6;Cotte Maître-neige LV6;Cotta Nix LV6;Schneesturm-Panzer LV6;LV6 大雪主メイル;
Snowbaron Vest LV6;Chaleco de Alud LV6;Tunique Maître-neige LV6;Pettorina Nix LV6;Schneesturm-Weste LV6;LV6 大雪主レジスト;
Stonefist Mail LV1;Malla de Pétreo LV1;Cotte Poing-fer LV1;Cotta Marmor LV1;Steinfaust-Panzer LV1;LV1 矛砕メイル;
Stonefist Vest LV1;Chaleco de Pétreo LV1;Tunique Poing-fer LV1;Pettorina Marmor LV1;Steinfaust-Weste LV1;LV1 矛砕レジスト;
Stonefist Mail LV6;Malla de Pétreo LV6;Cotte Poing-fer LV6;Cotta Marmor LV6;Steinfaust-Panzer LV6;LV6 矛砕メイル;
Stonefist Vest LV6;Chaleco de Pétreo LV6;Tunique Poing-fer LV6;Pettorina Marmor LV6;Steinfaust-Weste LV6;LV6 矛砕レジスト;
Dreadqueen Mail LV1;Malla de Maldita LV1;Cotte Reine-poison LV1;Cotta Imperatrix LV1;Giftstachel-Panzer LV1;LV1 紫毒姫メイル;
Dreadqueen Vest LV1;Chaleco de Maldita LV1;Tunique Reine-poison LV1;Pettorina Imperatrix LV1;Giftstachel-Weste LV1;LV1 紫毒姫レジスト;
Dreadqueen Mail LV6;Malla de Maldita LV6;Cotte Reine-poison LV6;Cotta Imperatrix LV6;Giftstachel-Panzer LV6;LV6 紫毒姫メイル;
Dreadqueen Vest LV6;Chaleco de Maldita LV6;Tunique Reine-poison LV6;Pettorina Imperatrix LV6;Giftstachel-Weste LV6;LV6 紫毒姫レジスト;
Drilltusk Mail LV1;Malla de Toro LV1;Cotte Brise-roc LV1;Cotta Vis LV1;Bohrhauer-Panzer LV1;LV1 岩穿メイル;
Drilltusk Vest LV1;Chaleco de Toro LV1;Tunique Brise-roc LV1;Pettorina Vis LV1;Bohrhauer-Weste LV1;LV1 岩穿レジスト;
Drilltusk Mail LV6;Malla de Toro LV6;Cotte Brise-roc LV6;Cotta Vis LV6;Bohrhauer-Panzer LV6;LV6 岩穿メイル;
Drilltusk Vest LV6;Chaleco de Toro LV6;Tunique Brise-roc LV6;Pettorina Vis LV6;Bohrhauer-Weste LV6;LV6 岩穿レジスト;
Silverwind Mail LV1;Malla de Argénteo LV1;Cotte Vent-acier LV1;Cotta Ventus LV1;Silberwind-Panzer LV1;LV1 白疾風メイル;
Silverwind Vest LV1;Chaleco de Argénteo LV1;Tunique Vent-acier LV1;Pettorina Ventus LV1;Silberwind-Weste LV1;LV1 白疾風レジスト;
Silverwind Mail LV6;Malla de Argénteo LV6;Cotte Vent-acier LV6;Cotta Ventus LV6;Silberwind-Panzer LV6;LV6 白疾風メイル;
Silverwind Vest LV6;Chaleco de Argénteo LV6;Tunique Vent-acier LV6;Pettorina Ventus LV6;Silberwind-Weste LV6;LV6 白疾風レジスト;
Crystalbeard Mail LV1;Malla de Vítreo LV1;Cotte Roi-cristal LV1;Cotta Adamas LV1;Kristallbart-Panzer LV1;LV1 宝纏メイル;
Crystalbeard Vest LV1;Chaleco de Vítreo LV1;Tunique Roi-cristal LV1;Pettorina Adamas LV1;Kristallbart-Weste LV1;LV1 宝纏レジスト;
Crystalbeard Mail LV6;Malla de Vítreo LV6;Cotte Roi-cristal LV6;Cotta Adamas LV6;Kristallbart-Panzer LV6;LV6 宝纏メイル;
Crystalbeard Vest LV6;Chaleco de Vítreo LV6;Tunique Roi-cristal LV6;Pettorina Adamas LV6;Kristallbart-Weste LV6;LV6 宝纏レジスト;
Deadeye Mail LV1;Malla de Cíclope LV1;Cotte Œil-mort LV1;Cotta Caecus LV1;NarbYianGarugaPanzer LV1;LV1 隻眼メイル;
Deadeye Vest LV1;Chaleco de Cíclope LV1;Tunique Œil-mort LV1;Pettorina Caecus LV1;NarbigYianGarugaWeste LV1;LV1 隻眼レジスト;
Deadeye Mail LV6;Malla de Cíclope LV6;Cotte Œil-mort LV6;Cotta Caecus LV6;NarbYianGarugaPanzer LV6;LV6 隻眼メイル;
Deadeye Vest LV6;Chaleco de Cíclope LV6;Tunique Œil-mort LV6;Pettorina Caecus LV6;NarbigYianGarugaWeste LV6;LV6 隻眼レジスト;
Dreadking Mail LV1;Malla de Maldito LV1;Cotte Roi-enfer LV1;Cotta Rex LV1;Dunkelfeuer-Panzer LV1;LV1 黒炎王メイル;
Dreadking Vest LV1;Chaleco de Maldito LV1;Tunique Roi-enfer LV1;Pettorina Rex LV1;Dunkelfeuer-Weste LV1;LV1 黒炎王レジスト;
Dreadking Mail LV6;Malla de Maldito LV6;Cotte Roi-enfer LV6;Cotta Rex LV6;Dunkelfeuer-Panzer LV6;LV6 黒炎王メイル;
Dreadking Vest LV6;Chaleco de Maldito LV6;Tunique Roi-enfer LV6;Pettorina Rex LV6;Dunkelfeuer-Weste LV6;LV6 黒炎王レジスト;
Thunderlord Mail LV1;Malla de Tormenta LV1;Cotte Feu-du-ciel LV1;Cotta Fulgur LV1;Donnerschlag-Panzer LV1;LV1 金雷公メイル;
Thunderlord Vest LV1;Chaleco de Tormenta LV1;Tunique Feu-du-ciel LV1;Pettorina Fulgur LV1;Donnerschlag-Weste LV1;LV1 金雷公レジスト;
Thunderlord Mail LV6;Malla de Tormenta LV6;Cotte Feu-du-ciel LV6;Cotta Fulgur LV6;Donnerschlag-Panzer LV6;LV6 金雷公メイル;
Thunderlord Vest LV6;Chaleco de Tormenta LV6;Tunique Feu-du-ciel LV6;Pettorina Fulgur LV6;Donnerschlag-Weste LV6;LV6 金雷公レジスト;
Grimclaw Mail LV1;Malla de Guadaña LV1;Cotte Griffe-sombre LV1;Cotta Furor LV1;Düsterklauen-Panzer LV1;LV1 荒鉤爪メイル;
Grimclaw Vest LV1;Chaleco Tigr. Guadaña LV1;Tunique Griffe-sombre LV1;Pettorina Furor LV1;Düsterklauen-Weste LV1;LV1 荒鉤爪レジスト;
Grimclaw Mail LV6;Malla de Guadaña LV6;Cotte Griffe-sombre LV6;Cotta Furor LV6;Düsterklauen-Panzer LV6;LV6 荒鉤爪メイル;
Grimclaw Vest LV6;Chaleco Tigr. Guadaña LV6;Tunique Griffe-sombre LV6;Pettorina Furor LV6;Düsterklauen-Weste LV6;LV6 荒鉤爪レジスト;
Hellblade Mail LV1;Malla de Inferno LV1;Cotte Lame-chaos LV1;Cotta Ignis LV1;Zornklingen-Panzer LV1;LV1 燼滅刃メイル;
Hellblade Vest LV1;Chaleco de Inferno LV1;Tunique Lame-chaos LV1;Pettorina Ignis LV1;Zornklingen-Weste LV1;LV1 燼滅刃レジスト;
Hellblade Mail LV6;Malla de Inferno LV6;Cotte Lame-chaos LV6;Cotta Ignis LV6;Zornklingen-Panzer LV6;LV6 燼滅刃メイル;
Hellblade Vest LV6;Chaleco de Inferno LV6;Tunique Lame-chaos LV6;Pettorina Ignis LV6;Zornklingen-Weste LV6;LV6 燼滅刃レジスト;
Gudetama Body Tights;Malla Cuerpo Gudetama;Cotte Gudegude;Gudetama Body Tights;Gudetama Body;ニセたま胴タイツ;
Gudetama Body Suit;Traje Cuerpo Gudetama;Tunique Gudegude;Gudetama Body Suit;Gudetama Brustanzug;ニセたま胴スーツ;
Promising Plate;Peto halagüeño;Muneate cosmique;Corazza promettente;Potenzial-Muneate;瑞星【胴当て】;
Halcyon Plate;Peto halcyon;Muneate Halcyon;Corazza eccelsa;Halcyon-Muneate;景星【胴当て】;
Lucid Robe;Toga lúcida;Robe des étoiles;Tunica lucida;Licht-Gewand;夢見【衣】;
Dreamy Robe;Toga etérea;Robe des rêves;Tunica da sogno;Traum-Gewand;夢語【衣】;
Gudetama Body Tights S;Malla Cuerpo Gudetama S;Cotte Gudegude S;Gudetama Body Tights S;Gudetama Body S;ニセたまＳ胴タイツ;
Gudetama Body Suit S;Traje Cuerpo Gudetama S;Tunique Gudegude S;Gudetama Body Suit S;Gudetama Brustanzug S;ニセたまＳ胴スーツ;
X Gammoth Jacket;Chaqueta Gammoth X;Blouson Gammoth X;Giacca Gammoth X;X-Gammoth-Jacke;Ｘガムートジャケット;
X Gammoth Jersey;Chándal de Gammoth X;Pull Gammoth X;Maglia Gammoth X;X-Gammoth-Trikot;Ｘガムートジャージ;
X Mizutsune Jacket;Chaqueta Mizutsune X;Blouson Mizutsune X;Giacca Mizutsune X;X-Mizutsune-Jacke;Ｘミツネジャケット;
X Mizutsune Jersey;Chándal Mizutsune X;Pull Mizutsune X;Maglia Mizutsune X;X-Mizutsune-Trikot;Ｘミツネジャージ;
X Dino Jacket;Chaqueta Dino X;Blouson dino X;Giacca dino X;X-Dino-Jacke;Ｘディノジャケット;
X Dino Jersey;Chándal Dino X;Pull dino X;Maglia dino X;X-Dino-Trikot;Ｘディノジャージ;
X Astalos Jacket;Chaqueta Astalos X;Blouson Astalos X;Giacca Astalos X;X-Astalos-Jacke;Ｘゼクスジャケット;
X Astalos Jersey;Chándal Astalos X;Pull Astalos X;Maglia Astalos X;X-Astalos-Trikot;Ｘゼクスジャージ;
Booyah Jacket;Chaqueta de Booyah;Blouson Boya Haru;Giacca Bouya;Booyah-Jacke;坊屋ジャケット;
Booyah Bomber;Cazadora de Booyah;Bomber Boya Haru;Bomber Bouya;Booyah-Bomber;坊屋ジャンパー;
Biker Jacket;Chaqueta motera;Blouson de motard;Giacca motociclista;Biker-Jacke;武装戦線ジャケット;
Biker Leather;Chaqueta motera piel;Cuir de motard;Cuoio motociclista;Biker-Lederjacke;武装戦線ライダース;
Rider Jacket;Chaqueta calavera;Gilet de l'enfer;Giacca centauro;Rider-Jacke;狩猟戦線ジャケット;
Rider Leather;Chupa calavera;Cuir de l'enfer;Cuoio centauro;Rider-Leder;狩猟戦線ライダース;
Pirate Suit J;Traje de pirata J;Tenue du pirate J;Tenuta Captain J;Piratenanzug J;海賊Ｊスーツ;
Pirate Jacket J;Chaqueta de pirata J;Veste du pirate J;Giacca pirata J;Piratenjacke J;海賊Ｊジャケット;
Star Knight Mail;Malla caball. estelar;Cotte Star Knight;Abito notte di stelle;Sternenritter-Panzer;スターナイトメイル;
Star Knight Vest;Chal. caball. estelar;Tunique Star Knight;Pett. notte di stelle;Sternenritter-Weste;スターナイトレジスト;
Dynaqlo Coat;Abrigo Dynaqlo;Doudoune Dynaqlo;Giubbotto Dynaqlo;Dynaqlo-Winterjacke;ライクロダウン;
Dynaqlo Jacket;Chaqueta Dynaqlo;Anorak Dynaqlo;Giacchetta Dynaqlo;Dynaqlo-Jacke;ライクロジャケット;
Buccaneer Suit J;Traje bucanero J;Tenue du boucanier J;Tenuta Buccaneer J;Bukanieranzug J;大海賊Ｊスーツ;
Buccaneer Jacket J;Chaqueta bucanero J;Veste du boucanier J;Giacca Buccaneer J;Bukanierjacke J;大海賊Ｊジャケット;
Blue Star Suit;Traje estrella azul;Tenue Étoile bleue;Abito Blue Star;Blauer-Stern-Gewand;ブルースタースーツ;
Blue Star Jacket;Chaq. estrella azul;Veste Étoile bleue;Giacca Blue Star;Blauer-Stern-Jacke;ブルースターベスト;
Varia Suit Armor;Armadura Climática;Armure Varia;Armatura Termotuta;Varia-Suit-Rüstung;バリアスーツアーマー;
Varia Suit Barrier;Barrera Climática;Barrière Varia;Barriera Termotuta;Varia-Suit-Barriere;バリアスーツバリアー;
Zero Suit Body;Cuerpo del Traje Zero;Plastron Zéro;Corpo Tuta Zero;Zero-Suit-Leib;ゼロスーツボディ;
Zero Suit Wear;Ropa del Traje Zero;Vêtement Zéro;Capo Tuta Zero;Zero-Suit-Kleidung;ゼロスーツウェア;
Promising Archplate;Archiesc. halagüeña;Muneate cosmique H;Arcicor. promettente;Potenzial-Muneate K;瑞星・覇【胴当て】;
Halcyon Archplate;Archiescama halcyon;Muneate Halcyon H;Arcicor. eccelsa;Halcyon-Muneate K;景星・覇【胴当て】;
Lucid Archrobe;Architoga lúcida;Robe des étoiles H;Arcitunica lucida;Licht-Gewand K;夢見・覇【衣】;
Dreamy Archrobe;Architoga etérea;Robe des rêves H;Arcitunica da sogno;Traum-Gewand K;夢語・覇【衣】;
Star Rook Mail;Malla de luz estelar;Cotte Star Rook;Cotta delle stelle;Sternlicht-Panzer;スタールークメイル;
Star Rook Vest;Chaleco luz estelar;Tunique Star Rook;Pettor. delle stelle;Sternlicht-Weste;スタールークレジスト;
Hero's Clothes;Ropas del héroe;Tenue du Héros;Tunica dell'eroe;Heroengewand;勇者の服;
Hero's Tunic;Túnica del héroe;Habit du Héros;Veste dell'eroe;Heroentunika;勇者の衣;
Champion's Body;Cuerpo de campeón;Plastron du champion;Corpo campione;Champion-Leib;王者のボディ;
Strongman's Body;Cuerpo de forzudo;Plastron du colosse;Corpo energumeno;Muskelmann-Leib;強者のボディ;
Mail of Rage;Malla de ira;Cotte hérétique;Cotta rabbia;Panzer der Wut;メイルオブレイジ;
Vest of Rage;Chaleco de ira;Tunique hérétique;Pettorina rabbia;Weste der Wut;レジストオブレイジ;
Mail of Anat;Malla de Anat;Cotte Anat;Cotta Anat;Panzer der Anat;メイルオブアナト;
Vest of Anat;Chaleco de Anat;Tunique Anat;Pettorina Anat;Weste der Anat;レジストオブアナト;
Zodias Mail;Malla de Zodias;Cotte Zodias;Cotta Zodias;Zodias-Panzer;ゾディアスメイル;
Zodias Vest;Chaleco de Zodias;Tunique Zodias;Pettorina Zodias;Zodias-Weste;ゾディアスレジスト;
Ultimate Garb;Atuendo todopoderoso;Dogi omnipotent;Veste onnipotente;Allmächtiger Dogi;地上最強の胴着;
Ultimate Attire;Atavío definitivo;Maillot omnipotent;Tenuta onnipotente;Allmächtige Tracht;地上最強の胴衣;
Hiryu Sky Suit;Traje Hiryu cielo;Habit Hiryu - Ciel;Abito Hiryu cielo;Hiryu-Gewand Luft;飛竜の装束・空;
Hiryu Land Suit;Traje Hiryu tierra;Habit Hiryu - Terre;Abito Hiryu terra;Hiryu-Gewand Land;飛竜の装束・地;
Lodestar Suit;Traje Polaris;Tunique du Guide;Abito Lord supremo;Sternenlord-Tunika;スターロードスーツ;
Lodestar Vest;Chaleco Polaris;Veste du Guide;Pettorina Lord supremo;Sternenlord-Weste;スターロードベスト;
